mtllib scull lp.mtl
o Cube001_1
usemtl Material
v 0.5289533138275146 -0.23289336264133453 -0.25149643421173096
v 0.4430883228778839 -0.38053959608078003 -0.5544202327728271
v 0.5335943102836609 -0.06991053372621536 -0.6678017377853394
v 0.13013768196105957 -0.8644806146621704 -0.5929374694824219
v 0.22488753497600555 -0.713342547416687 -0.5738530158996582
v 0.2878706753253937 -0.596756637096405 -0.9049574732780457
v 0.13013768196105957 -0.8644806146621704 -0.5929374694824219
v 0.2878706753253937 -0.596756637096405 -0.9049574732780457
v 0.1493770331144333 -0.7637860178947449 -0.9524843096733093
v 0.5947684645652771 -0.08170077204704285 -0.07998234033584595
v 0.5335943102836609 -0.06991053372621536 -0.6678017377853394
v 0.5789099931716919 -0.011622462421655655 -0.08071854710578918
v 0.1376953125 -0.8583568334579468 -0.7145519256591797
v 0.15901117026805878 -0.8687152862548828 -0.9405142068862915
v 0.2551623284816742 -0.7800981998443604 -0.9227779507637024
v 0.1376953125 -0.8583568334579468 -0.7145519256591797
v 0.2551623284816742 -0.7800981998443604 -0.9227779507637024
v 0.24940256774425507 -0.7660284638404846 -0.6901304125785828
v 0.5005565285682678 -0.014627963304519653 -0.0826619565486908
v 0.5789099931716919 -0.011622462421655655 -0.08071854710578918
v 0.5335943102836609 -0.06991053372621536 -0.6678017377853394
v 0.5005565285682678 -0.014627963304519653 -0.0826619565486908
v 0.5335943102836609 -0.06991053372621536 -0.6678017377853394
v 0.4701327681541443 -0.0716119110584259 -0.6985326409339905
v 0 -0.9050976037979126 -0.7219471335411072
v 0 -0.9107467532157898 -0.8909750580787659
v 0.15901117026805878 -0.8687152862548828 -0.9405142068862915
v 0 -0.9050976037979126 -0.7219471335411072
v 0.15901117026805878 -0.8687152862548828 -0.9405142068862915
v 0.1376953125 -0.8583568334579468 -0.7145519256591797
v 0 -0.812552273273468 -0.9572201371192932
v 0.1493770331144333 -0.7637860178947449 -0.9524843096733093
v 0.15901117026805878 -0.8687152862548828 -0.9405142068862915
v 0 -0.812552273273468 -0.9572201371192932
v 0.15901117026805878 -0.8687152862548828 -0.9405142068862915
v 0 -0.8928895592689514 -0.9460341334342957
v 0.24940256774425507 -0.7660284638404846 -0.6901304125785828
v 0.2551623284816742 -0.7800981998443604 -0.9227779507637024
v 0.33930766582489014 -0.6399474740028381 -0.8963886499404907
v 0.24940256774425507 -0.7660284638404846 -0.6901304125785828
v 0.33930766582489014 -0.6399474740028381 -0.8963886499404907
v 0.29038745164871216 -0.6108295321464539 -0.6512359380722046
v 0.31444188952445984 -0.5337783694267273 -0.5265988707542419
v 0.25973832607269287 -0.7444199323654175 -0.5743849277496338
v 0.24940256774425507 -0.7660284638404846 -0.6901304125785828
v 0.31444188952445984 -0.5337783694267273 -0.5265988707542419
v 0.24940256774425507 -0.7660284638404846 -0.6901304125785828
v 0.29038745164871216 -0.6108295321464539 -0.6512359380722046
v 0 -0.936870276927948 -0.603543221950531
v 0 -0.9050976037979126 -0.7219471335411072
v 0.1376953125 -0.8583568334579468 -0.7145519256591797
v 0 -0.936870276927948 -0.603543221950531
v 0.1376953125 -0.8583568334579468 -0.7145519256591797
v 0.14967072010040283 -0.895057201385498 -0.5982073545455933
v 0.14967072010040283 -0.895057201385498 -0.5982073545455933
v 0.1376953125 -0.8583568334579468 -0.7145519256591797
v 0.24940256774425507 -0.7660284638404846 -0.6901304125785828
v 0.14967072010040283 -0.895057201385498 -0.5982073545455933
v 0.24940256774425507 -0.7660284638404846 -0.6901304125785828
v 0.25973832607269287 -0.7444199323654175 -0.5743849277496338
v 0.3136812150478363 -0.35813674330711365 -0.5138329863548279
v 0.37410464882850647 -0.4033799469470978 -0.5349279046058655
v 0.4847099483013153 -0.3994465172290802 -0.10124588012695312
v 0.3136812150478363 -0.35813674330711365 -0.5138329863548279
v 0.4847099483013153 -0.3994465172290802 -0.10124588012695312
v 0.4532180428504944 -0.3663621246814728 -0.10592091083526611
v 0.39958927035331726 -0.32381144165992737 -0.8015035390853882
v 0.4701327681541443 -0.0716119110584259 -0.6985326409339905
v 0.5335943102836609 -0.06991053372621536 -0.6678017377853394
v 0.39958927035331726 -0.32381144165992737 -0.8015035390853882
v 0.5335943102836609 -0.06991053372621536 -0.6678017377853394
v 0.45409223437309265 -0.35281774401664734 -0.7845854759216309
v 0 -0.812552273273468 -0.9572201371192932
v 0 -0.9022026062011719 -0.5969140529632568
v 0.13013768196105957 -0.8644806146621704 -0.5929374694824219
v 0 -0.812552273273468 -0.9572201371192932
v 0.13013768196105957 -0.8644806146621704 -0.5929374694824219
v 0.1493770331144333 -0.7637860178947449 -0.9524843096733093
v 0.22488753497600555 -0.713342547416687 -0.5738530158996582
v 0.25341618061065674 -0.5126688480377197 -0.548538863658905
v 0.2878706753253937 -0.596756637096405 -0.9049574732780457
v 0.3136812150478363 -0.35813674330711365 -0.5138329863548279
v 0.4701327681541443 -0.0716119110584259 -0.6985326409339905
v 0.39958927035331726 -0.32381144165992737 -0.8015035390853882
v 0.3136812150478363 -0.35813674330711365 -0.5138329863548279
v 0.5005565285682678 -0.014627963304519653 -0.0826619565486908
v 0.4701327681541443 -0.0716119110584259 -0.6985326409339905
v 0.14913271367549896 -0.8979837894439697 -0.5273637175559998
v 0.14967072010040283 -0.895057201385498 -0.5982073545455933
v 0.25973832607269287 -0.7444199323654175 -0.5743849277496338
v 0.14913271367549896 -0.8979837894439697 -0.5273637175559998
v 0.25973832607269287 -0.7444199323654175 -0.5743849277496338
v 0.2757658362388611 -0.7250667214393616 -0.5038046836853027
v 0 -0.9468035101890564 -0.5322726964950562
v 0 -0.936870276927948 -0.603543221950531
v 0.14967072010040283 -0.895057201385498 -0.5982073545455933
v 0 -0.9468035101890564 -0.5322726964950562
v 0.14967072010040283 -0.895057201385498 -0.5982073545455933
v 0.14913271367549896 -0.8979837894439697 -0.5273637175559998
v 0.31098324060440063 -0.5222904682159424 -0.4725554287433624
v 0.2757658362388611 -0.7250667214393616 -0.5038046836853027
v 0.25973832607269287 -0.7444199323654175 -0.5743849277496338
v 0.31098324060440063 -0.5222904682159424 -0.4725554287433624
v 0.25973832607269287 -0.7444199323654175 -0.5743849277496338
v 0.31444188952445984 -0.5337783694267273 -0.5265988707542419
v 0.33930766582489014 -0.6399474740028381 -0.8963886499404907
v 0.37410464882850647 -0.4033799469470978 -0.5349279046058655
v 0.3201148509979248 -0.5036675930023193 -0.5932022333145142
v 0.37410464882850647 -0.4033799469470978 -0.5349279046058655
v 0.33930766582489014 -0.6399474740028381 -0.8963886499404907
v 0.4430883228778839 -0.38053959608078003 -0.5544202327728271
v 0.37410464882850647 -0.4033799469470978 -0.5349279046058655
v 0.3136812150478363 -0.35813674330711365 -0.5138329863548279
v 0.29353323578834534 -0.38326242566108704 -0.47754383087158203
v 0.37410464882850647 -0.4033799469470978 -0.5349279046058655
v 0.29353323578834534 -0.38326242566108704 -0.47754383087158203
v 0.33107680082321167 -0.3974460959434509 -0.4825686812400818
v 0.5947684645652771 -0.08170077204704285 -0.07998234033584595
v 0.5289533138275146 -0.23289336264133453 -0.25149643421173096
v 0.5335943102836609 -0.06991053372621536 -0.6678017377853394
v 0.4761999845504761 -0.23289336264133453 -0.25149643421173096
v 0.4532180428504944 -0.3663621246814728 -0.10592091083526611
v 0.4847099483013153 -0.3994465172290802 -0.10124588012695312
v 0.4761999845504761 -0.23289336264133453 -0.25149643421173096
v 0.4847099483013153 -0.3994465172290802 -0.10124588012695312
v 0.5289533138275146 -0.23289336264133453 -0.25149643421173096
v 0.5005565285682678 -0.014627963304519653 -0.0826619565486908
v 0.4761999845504761 -0.23289336264133453 -0.25149643421173096
v 0.5289533138275146 -0.23289336264133453 -0.25149643421173096
v 0.5005565285682678 -0.014627963304519653 -0.0826619565486908
v 0.5289533138275146 -0.23289336264133453 -0.25149643421173096
v 0.5947684645652771 -0.08170077204704285 -0.07998234033584595
v 0.5789099931716919 -0.011622462421655655 -0.08071854710578918
v 0.5005565285682678 -0.014627963304519653 -0.0826619565486908
v 0.5947684645652771 -0.08170077204704285 -0.07998234033584595
v 0.3201148509979248 -0.5036675930023193 -0.5932022333145142
v 0.31444188952445984 -0.5337783694267273 -0.5265988707542419
v 0.29038745164871216 -0.6108295321464539 -0.6512359380722046
v 0.4761999845504761 -0.23289336264133453 -0.25149643421173096
v 0.3136812150478363 -0.35813674330711365 -0.5138329863548279
v 0.4532180428504944 -0.3663621246814728 -0.10592091083526611
v 0.3136812150478363 -0.35813674330711365 -0.5138329863548279
v 0.4761999845504761 -0.23289336264133453 -0.25149643421173096
v 0.5005565285682678 -0.014627963304519653 -0.0826619565486908
v 0.29038745164871216 -0.6108295321464539 -0.6512359380722046
v 0.33930766582489014 -0.6399474740028381 -0.8963886499404907
v 0.3201148509979248 -0.5036675930023193 -0.5932022333145142
v 0.4847099483013153 -0.3994465172290802 -0.10124588012695312
v 0.37410464882850647 -0.4033799469470978 -0.5349279046058655
v 0.4430883228778839 -0.38053959608078003 -0.5544202327728271
v 0.33930766582489014 -0.6399474740028381 -0.8963886499404907
v 0.45409223437309265 -0.35281774401664734 -0.7845854759216309
v 0.4430883228778839 -0.38053959608078003 -0.5544202327728271
v 0.4847099483013153 -0.3994465172290802 -0.10124588012695312
v 0.4430883228778839 -0.38053959608078003 -0.5544202327728271
v 0.5289533138275146 -0.23289336264133453 -0.25149643421173096
v 0.4430883228778839 -0.38053959608078003 -0.5544202327728271
v 0.45409223437309265 -0.35281774401664734 -0.7845854759216309
v 0.5335943102836609 -0.06991053372621536 -0.6678017377853394
v 0.2878706753253937 -0.596756637096405 -0.9049574732780457
v 0.33930766582489014 -0.6399474740028381 -0.8963886499404907
v 0.2551623284816742 -0.7800981998443604 -0.9227779507637024
v 0.2878706753253937 -0.596756637096405 -0.9049574732780457
v 0.2551623284816742 -0.7800981998443604 -0.9227779507637024
v 0.1493770331144333 -0.7637860178947449 -0.9524843096733093
v 0.33107680082321167 -0.3974460959434509 -0.4825686812400818
v 0.31444188952445984 -0.5337783694267273 -0.5265988707542419
v 0.3201148509979248 -0.5036675930023193 -0.5932022333145142
v 0.31098324060440063 -0.5222904682159424 -0.4725554287433624
v 0.31444188952445984 -0.5337783694267273 -0.5265988707542419
v 0.33107680082321167 -0.3974460959434509 -0.4825686812400818
v 0.31098324060440063 -0.5222904682159424 -0.4725554287433624
v 0.33107680082321167 -0.3974460959434509 -0.4825686812400818
v 0.32236579060554504 -0.40169140696525574 -0.43847909569740295
v 0.29353323578834534 -0.38326242566108704 -0.47754383087158203
v 0.2748289704322815 -0.41067615151405334 -0.43847909569740295
v 0.32236579060554504 -0.40169140696525574 -0.43847909569740295
v 0.29353323578834534 -0.38326242566108704 -0.47754383087158203
v 0.32236579060554504 -0.40169140696525574 -0.43847909569740295
v 0.33107680082321167 -0.3974460959434509 -0.4825686812400818
v 0 -0.9468035101890564 -0.5322726964950562
v 0.14913271367549896 -0.8979837894439697 -0.5273637175559998
v 0.13013768196105957 -0.8644806146621704 -0.5238757729530334
v 0 -0.9468035101890564 -0.5322726964950562
v 0.13013768196105957 -0.8644806146621704 -0.5238757729530334
v 0 -0.9022026062011719 -0.5278523564338684
v 0.14913271367549896 -0.8979837894439697 -0.5273637175559998
v 0.2757658362388611 -0.7250667214393616 -0.5038046836853027
v 0.2205861508846283 -0.713342547416687 -0.504791259765625
v 0.14913271367549896 -0.8979837894439697 -0.5273637175559998
v 0.2205861508846283 -0.713342547416687 -0.504791259765625
v 0.13013768196105957 -0.8644806146621704 -0.5238757729530334
v 0.2757658362388611 -0.7250667214393616 -0.5038046836853027
v 0.31098324060440063 -0.5222904682159424 -0.4725554287433624
v 0.25341618061065674 -0.5126688480377197 -0.4794771373271942
v 0.2757658362388611 -0.7250667214393616 -0.5038046836853027
v 0.25341618061065674 -0.5126688480377197 -0.4794771373271942
v 0.2205861508846283 -0.713342547416687 -0.504791259765625
v 0.31098324060440063 -0.5222904682159424 -0.4725554287433624
v 0.32236579060554504 -0.40169140696525574 -0.43847909569740295
v 0.2748289704322815 -0.41067615151405334 -0.43847909569740295
v 0.31098324060440063 -0.5222904682159424 -0.4725554287433624
v 0.2748289704322815 -0.41067615151405334 -0.43847909569740295
v 0.25341618061065674 -0.5126688480377197 -0.4794771373271942
v 0.13013768196105957 -0.8644806146621704 -0.5238757729530334
v 0.2205861508846283 -0.713342547416687 -0.504791259765625
v 0.22488753497600555 -0.713342547416687 -0.5738530158996582
v 0.13013768196105957 -0.8644806146621704 -0.5238757729530334
v 0.22488753497600555 -0.713342547416687 -0.5738530158996582
v 0.13013768196105957 -0.8644806146621704 -0.5929374694824219
v 0 -0.9022026062011719 -0.5278523564338684
v 0.13013768196105957 -0.8644806146621704 -0.5238757729530334
v 0.13013768196105957 -0.8644806146621704 -0.5929374694824219
v 0 -0.9022026062011719 -0.5278523564338684
v 0.13013768196105957 -0.8644806146621704 -0.5929374694824219
v 0 -0.9022026062011719 -0.5969140529632568
v 0.2205861508846283 -0.713342547416687 -0.504791259765625
v 0.25341618061065674 -0.5126688480377197 -0.4794771373271942
v 0.25341618061065674 -0.5126688480377197 -0.548538863658905
v 0.2205861508846283 -0.713342547416687 -0.504791259765625
v 0.25341618061065674 -0.5126688480377197 -0.548538863658905
v 0.22488753497600555 -0.713342547416687 -0.5738530158996582
v 0.25341618061065674 -0.5126688480377197 -0.4794771373271942
v 0.2748289704322815 -0.41067615151405334 -0.43847909569740295
v 0.29353323578834534 -0.38326242566108704 -0.47754383087158203
v 0.25341618061065674 -0.5126688480377197 -0.4794771373271942
v 0.29353323578834534 -0.38326242566108704 -0.47754383087158203
v 0.25341618061065674 -0.5126688480377197 -0.548538863658905
v 0.25341618061065674 -0.5126688480377197 -0.548538863658905
v 0.29353323578834534 -0.38326242566108704 -0.47754383087158203
v 0.3136812150478363 -0.35813674330711365 -0.5138329863548279
v 0.15901117026805878 -0.8687152862548828 -0.9405142068862915
v 0.1493770331144333 -0.7637860178947449 -0.9524843096733093
v 0.2551623284816742 -0.7800981998443604 -0.9227779507637024
v 0.15901117026805878 -0.8687152862548828 -0.9405142068862915
v 0 -0.9107467532157898 -0.8909750580787659
v 0 -0.8928895592689514 -0.9460341334342957
v 0.37410464882850647 -0.4033799469470978 -0.5349279046058655
v 0.33107680082321167 -0.3974460959434509 -0.4825686812400818
v 0.3201148509979248 -0.5036675930023193 -0.5932022333145142
v 0.2878706753253937 -0.596756637096405 -0.9049574732780457
v 0.39958927035331726 -0.32381144165992737 -0.8015035390853882
v 0.45409223437309265 -0.35281774401664734 -0.7845854759216309
v 0.2878706753253937 -0.596756637096405 -0.9049574732780457
v 0.45409223437309265 -0.35281774401664734 -0.7845854759216309
v 0.33930766582489014 -0.6399474740028381 -0.8963886499404907
v 0.3136812150478363 -0.35813674330711365 -0.5138329863548279
v 0.39958927035331726 -0.32381144165992737 -0.8015035390853882
v 0.2878706753253937 -0.596756637096405 -0.9049574732780457
v 0.3136812150478363 -0.35813674330711365 -0.5138329863548279
v 0.2878706753253937 -0.596756637096405 -0.9049574732780457
v 0.25341618061065674 -0.5126688480377197 -0.548538863658905
vn 0.855614908282914 -0.34752584375493195 0.3835999434911888
vn 0.7825132787962639 -0.6194794916196056 0.06259495163537852
vn 0.732289789634944 0.5466384431769663 -0.4061256904425922
vn -0.5791109352084735 0.8110299913438557 0.08283041628986704
vn -0.9223699574445896 0.38591033726572194 -0.01751779652589524
vn -0.3853655793908591 0.43614947837605966 -0.8131832528606565
vn -0.5791109352084735 0.8110299913438557 0.08283041628986704
vn -0.3853655793908591 0.43614947837605966 -0.8131832528606565
vn -0.27479115228972584 0.5338956137147632 -0.7996532350209189
vn 0.6448065462763177 -0.35405155051179277 0.6774009281506799
vn 0.732289789634944 0.5466384431769663 -0.4061256904425922
vn 0.5158598198748973 0.6628079722277475 0.5427469375224331
vn 0.5134256385343476 -0.8555770951165534 -0.06619628394039659
vn 0.41119277416559213 -0.6932869543330848 -0.5918392530286914
vn 0.7084433386292881 -0.4272695092079065 -0.5617373073359314
vn 0.5134256385343476 -0.8555770951165534 -0.06619628394039659
vn 0.7084433386292881 -0.4272695092079065 -0.5617373073359314
vn 0.8348743070942889 -0.5501637498265084 0.017456796116867696
vn -0.5183734055486412 0.4844967794482529 0.7046643762275592
vn 0.5158598198748973 0.6628079722277475 0.5427469375224331
vn 0.732289789634944 0.5466384431769663 -0.4061256904425922
vn -0.5183734055486412 0.4844967794482529 0.7046643762275592
vn 0.732289789634944 0.5466384431769663 -0.4061256904425922
vn -0.31181950383308304 0.7245370979468583 -0.6146662433614153
vn 0.2979257117883366 -0.9477955734287087 -0.11368298572943183
vn 0.24235129637419373 -0.9660786506423544 -0.08920700599614073
vn 0.41119277416559213 -0.6932869543330848 -0.5918392530286914
vn 0.2979257117883366 -0.9477955734287087 -0.11368298572943183
vn 0.41119277416559213 -0.6932869543330848 -0.5918392530286914
vn 0.5134256385343476 -0.8555770951165534 -0.06619628394039659
vn -0.18140823965892508 0.6408801087216451 -0.7458979399547785
vn -0.27479115228972584 0.5338956137147632 -0.7996532350209189
vn 0.41119277416559213 -0.6932869543330848 -0.5918392530286914
vn -0.18140823965892508 0.6408801087216451 -0.7458979399547785
vn 0.41119277416559213 -0.6932869543330848 -0.5918392530286914
vn 0.1301331843129871 -0.6534126374449404 -0.7457327132209027
vn 0.8348743070942889 -0.5501637498265084 0.017456796116867696
vn 0.7084433386292881 -0.4272695092079065 -0.5617373073359314
vn 0.8053133179965823 -0.21687029848473902 -0.5517587638565206
vn 0.8348743070942889 -0.5501637498265084 0.017456796116867696
vn 0.8053133179965823 -0.21687029848473902 -0.5517587638565206
vn 0.9417286594579967 -0.3248761118021081 0.08719314156393534
vn 0.9817514952611366 -0.19013652083472593 0.003479223676054354
vn 0.896308180444687 -0.4405701442600255 -0.05029506590745169
vn 0.8348743070942889 -0.5501637498265084 0.017456796116867696
vn 0.9817514952611366 -0.19013652083472593 0.003479223676054354
vn 0.8348743070942889 -0.5501637498265084 0.017456796116867696
vn 0.9417286594579967 -0.3248761118021081 0.08719314156393534
vn 0.29436226204034127 -0.9380222088878372 -0.18293494559453713
vn 0.2979257117883366 -0.9477955734287087 -0.11368298572943183
vn 0.5134256385343476 -0.8555770951165534 -0.06619628394039659
vn 0.29436226204034127 -0.9380222088878372 -0.18293494559453713
vn 0.5134256385343476 -0.8555770951165534 -0.06619628394039659
vn 0.5563019906563247 -0.8204447326842997 -0.1319035094392814
vn 0.5563019906563247 -0.8204447326842997 -0.1319035094392814
vn 0.5134256385343476 -0.8555770951165534 -0.06619628394039659
vn 0.8348743070942889 -0.5501637498265084 0.017456796116867696
vn 0.5563019906563247 -0.8204447326842997 -0.1319035094392814
vn 0.8348743070942889 -0.5501637498265084 0.017456796116867696
vn 0.896308180444687 -0.4405701442600255 -0.05029506590745169
vn -0.907408705270966 0.3938554227499072 0.1465856322050741
vn 0.344073612816957 -0.8401939610040214 0.41915087600464307
vn 0.2223898598389691 -0.5981667776523875 0.7698956139333195
vn -0.907408705270966 0.3938554227499072 0.1465856322050741
vn 0.2223898598389691 -0.5981667776523875 0.7698956139333195
vn -0.5623873423562522 0.11689063060491356 0.8185701299426075
vn -0.3510922139657249 0.44658660203449957 -0.8229791395751932
vn -0.31181950383308304 0.7245370979468583 -0.6146662433614153
vn 0.732289789634944 0.5466384431769663 -0.4061256904425922
vn -0.3510922139657249 0.44658660203449957 -0.8229791395751932
vn 0.732289789634944 0.5466384431769663 -0.4061256904425922
vn 0.8317346990322628 -0.06924764663296004 -0.5508376837703717
vn -0.18140823965892508 0.6408801087216451 -0.7458979399547785
vn -0.28819168448131705 0.950150517308501 0.11899389670991052
vn -0.5791109352084735 0.8110299913438557 0.08283041628986704
vn -0.18140823965892508 0.6408801087216451 -0.7458979399547785
vn -0.5791109352084735 0.8110299913438557 0.08283041628986704
vn -0.27479115228972584 0.5338956137147632 -0.7996532350209189
vn -0.9223699574445896 0.38591033726572194 -0.01751779652589524
vn -0.9531560019226657 0.2763850239845557 -0.12290221526016509
vn -0.3853655793908591 0.43614947837605966 -0.8131832528606565
vn -0.907408705270966 0.3938554227499072 0.1465856322050741
vn -0.31181950383308304 0.7245370979468583 -0.6146662433614153
vn -0.3510922139657249 0.44658660203449957 -0.8229791395751932
vn -0.907408705270966 0.3938554227499072 0.1465856322050741
vn -0.5183734055486412 0.4844967794482529 0.7046643762275592
vn -0.31181950383308304 0.7245370979468583 -0.6146662433614153
vn 0.43791553066168265 -0.681425758631883 0.5864204323505958
vn 0.5563019906563247 -0.8204447326842997 -0.1319035094392814
vn 0.896308180444687 -0.4405701442600255 -0.05029506590745169
vn 0.43791553066168265 -0.681425758631883 0.5864204323505958
vn 0.896308180444687 -0.4405701442600255 -0.05029506590745169
vn 0.6818320644705025 -0.3497818944065425 0.6424621873739054
vn 0.22599400795368396 -0.8013097124194272 0.5539218836183719
vn 0.29436226204034127 -0.9380222088878372 -0.18293494559453713
vn 0.5563019906563247 -0.8204447326842997 -0.1319035094392814
vn 0.22599400795368396 -0.8013097124194272 0.5539218836183719
vn 0.5563019906563247 -0.8204447326842997 -0.1319035094392814
vn 0.43791553066168265 -0.681425758631883 0.5864204323505958
vn 0.6548200331976097 -0.26896575963317454 0.7063059848734334
vn 0.6818320644705025 -0.3497818944065425 0.6424621873739054
vn 0.896308180444687 -0.4405701442600255 -0.05029506590745169
vn 0.6548200331976097 -0.26896575963317454 0.7063059848734334
vn 0.896308180444687 -0.4405701442600255 -0.05029506590745169
vn 0.9817514952611366 -0.19013652083472593 0.003479223676054354
vn 0.8053133179965823 -0.21687029848473902 -0.5517587638565206
vn 0.344073612816957 -0.8401939610040214 0.41915087600464307
vn 0.893635405061137 -0.4094773291918829 0.18369561698391118
vn 0.344073612816957 -0.8401939610040214 0.41915087600464307
vn 0.8053133179965823 -0.21687029848473902 -0.5517587638565206
vn 0.7825132787962639 -0.6194794916196056 0.06259495163537852
vn 0.344073612816957 -0.8401939610040214 0.41915087600464307
vn -0.907408705270966 0.3938554227499072 0.1465856322050741
vn -0.4842764876857571 0.8522143160341559 0.19800768424781562
vn 0.344073612816957 -0.8401939610040214 0.41915087600464307
vn -0.4842764876857571 0.8522143160341559 0.19800768424781562
vn 0.8003934546392535 0.3542960286938195 0.48357485648287124
vn 0.6448065462763177 -0.35405155051179277 0.6774009281506799
vn 0.855614908282914 -0.34752584375493195 0.3835999434911888
vn 0.732289789634944 0.5466384431769663 -0.4061256904425922
vn -0.6030267649620216 0.01086479735921838 0.7976469625829349
vn -0.5623873423562522 0.11689063060491356 0.8185701299426075
vn 0.2223898598389691 -0.5981667776523875 0.7698956139333195
vn -0.6030267649620216 0.01086479735921838 0.7976469625829349
vn 0.2223898598389691 -0.5981667776523875 0.7698956139333195
vn 0.855614908282914 -0.34752584375493195 0.3835999434911888
vn -0.5183734055486412 0.4844967794482529 0.7046643762275592
vn -0.6030267649620216 0.01086479735921838 0.7976469625829349
vn 0.855614908282914 -0.34752584375493195 0.3835999434911888
vn -0.5183734055486412 0.4844967794482529 0.7046643762275592
vn 0.855614908282914 -0.34752584375493195 0.3835999434911888
vn 0.6448065462763177 -0.35405155051179277 0.6774009281506799
vn 0.5158598198748973 0.6628079722277475 0.5427469375224331
vn -0.5183734055486412 0.4844967794482529 0.7046643762275592
vn 0.6448065462763177 -0.35405155051179277 0.6774009281506799
vn 0.893635405061137 -0.4094773291918829 0.18369561698391118
vn 0.9817514952611366 -0.19013652083472593 0.003479223676054354
vn 0.9417286594579967 -0.3248761118021081 0.08719314156393534
vn -0.6030267649620216 0.01086479735921838 0.7976469625829349
vn -0.907408705270966 0.3938554227499072 0.1465856322050741
vn -0.5623873423562522 0.11689063060491356 0.8185701299426075
vn -0.907408705270966 0.3938554227499072 0.1465856322050741
vn -0.6030267649620216 0.01086479735921838 0.7976469625829349
vn -0.5183734055486412 0.4844967794482529 0.7046643762275592
vn 0.9417286594579967 -0.3248761118021081 0.08719314156393534
vn 0.8053133179965823 -0.21687029848473902 -0.5517587638565206
vn 0.893635405061137 -0.4094773291918829 0.18369561698391118
vn 0.2223898598389691 -0.5981667776523875 0.7698956139333195
vn 0.344073612816957 -0.8401939610040214 0.41915087600464307
vn 0.7825132787962639 -0.6194794916196056 0.06259495163537852
vn 0.8053133179965823 -0.21687029848473902 -0.5517587638565206
vn 0.8317346990322628 -0.06924764663296004 -0.5508376837703717
vn 0.7825132787962639 -0.6194794916196056 0.06259495163537852
vn 0.2223898598389691 -0.5981667776523875 0.7698956139333195
vn 0.7825132787962639 -0.6194794916196056 0.06259495163537852
vn 0.855614908282914 -0.34752584375493195 0.3835999434911888
vn 0.7825132787962639 -0.6194794916196056 0.06259495163537852
vn 0.8317346990322628 -0.06924764663296004 -0.5508376837703717
vn 0.732289789634944 0.5466384431769663 -0.4061256904425922
vn -0.3853655793908591 0.43614947837605966 -0.8131832528606565
vn 0.8053133179965823 -0.21687029848473902 -0.5517587638565206
vn 0.7084433386292881 -0.4272695092079065 -0.5617373073359314
vn -0.3853655793908591 0.43614947837605966 -0.8131832528606565
vn 0.7084433386292881 -0.4272695092079065 -0.5617373073359314
vn -0.27479115228972584 0.5338956137147632 -0.7996532350209189
vn 0.8003934546392535 0.3542960286938195 0.48357485648287124
vn 0.9817514952611366 -0.19013652083472593 0.003479223676054354
vn 0.893635405061137 -0.4094773291918829 0.18369561698391118
vn 0.6548200331976097 -0.26896575963317454 0.7063059848734334
vn 0.9817514952611366 -0.19013652083472593 0.003479223676054354
vn 0.8003934546392535 0.3542960286938195 0.48357485648287124
vn 0.6548200331976097 -0.26896575963317454 0.7063059848734334
vn 0.8003934546392535 0.3542960286938195 0.48357485648287124
vn 0.525822461832854 0.37578803385292336 0.7630819695452061
vn -0.4842764876857571 0.8522143160341559 0.19800768424781562
vn -0.6173974327556776 0.3286885925554644 0.7146916951739444
vn 0.525822461832854 0.37578803385292336 0.7630819695452061
vn -0.4842764876857571 0.8522143160341559 0.19800768424781562
vn 0.525822461832854 0.37578803385292336 0.7630819695452061
vn 0.8003934546392535 0.3542960286938195 0.48357485648287124
vn 0.22599400795368396 -0.8013097124194272 0.5539218836183719
vn 0.43791553066168265 -0.681425758631883 0.5864204323505958
vn -0.4093505602051419 0.4146913746153977 0.8126888596992877
vn 0.22599400795368396 -0.8013097124194272 0.5539218836183719
vn -0.4093505602051419 0.4146913746153977 0.8126888596992877
vn -0.1915687196097306 0.5795587369301043 0.7920941207426494
vn 0.43791553066168265 -0.681425758631883 0.5864204323505958
vn 0.6818320644705025 -0.3497818944065425 0.6424621873739054
vn -0.673627354397798 0.1369411751285365 0.726273572396407
vn 0.43791553066168265 -0.681425758631883 0.5864204323505958
vn -0.673627354397798 0.1369411751285365 0.726273572396407
vn -0.4093505602051419 0.4146913746153977 0.8126888596992877
vn 0.6818320644705025 -0.3497818944065425 0.6424621873739054
vn 0.6548200331976097 -0.26896575963317454 0.7063059848734334
vn -0.7869459818169967 0.032045502827509634 0.6161891815429862
vn 0.6818320644705025 -0.3497818944065425 0.6424621873739054
vn -0.7869459818169967 0.032045502827509634 0.6161891815429862
vn -0.673627354397798 0.1369411751285365 0.726273572396407
vn 0.6548200331976097 -0.26896575963317454 0.7063059848734334
vn 0.525822461832854 0.37578803385292336 0.7630819695452061
vn -0.6173974327556776 0.3286885925554644 0.7146916951739444
vn 0.6548200331976097 -0.26896575963317454 0.7063059848734334
vn -0.6173974327556776 0.3286885925554644 0.7146916951739444
vn -0.7869459818169967 0.032045502827509634 0.6161891815429862
vn -0.4093505602051419 0.4146913746153977 0.8126888596992877
vn -0.673627354397798 0.1369411751285365 0.726273572396407
vn -0.9223699574445896 0.38591033726572194 -0.01751779652589524
vn -0.4093505602051419 0.4146913746153977 0.8126888596992877
vn -0.9223699574445896 0.38591033726572194 -0.01751779652589524
vn -0.5791109352084735 0.8110299913438557 0.08283041628986704
vn -0.1915687196097306 0.5795587369301043 0.7920941207426494
vn -0.4093505602051419 0.4146913746153977 0.8126888596992877
vn -0.5791109352084735 0.8110299913438557 0.08283041628986704
vn -0.1915687196097306 0.5795587369301043 0.7920941207426494
vn -0.5791109352084735 0.8110299913438557 0.08283041628986704
vn -0.28819168448131705 0.950150517308501 0.11899389670991052
vn -0.673627354397798 0.1369411751285365 0.726273572396407
vn -0.7869459818169967 0.032045502827509634 0.6161891815429862
vn -0.9531560019226657 0.2763850239845557 -0.12290221526016509
vn -0.673627354397798 0.1369411751285365 0.726273572396407
vn -0.9531560019226657 0.2763850239845557 -0.12290221526016509
vn -0.9223699574445896 0.38591033726572194 -0.01751779652589524
vn -0.7869459818169967 0.032045502827509634 0.6161891815429862
vn -0.6173974327556776 0.3286885925554644 0.7146916951739444
vn -0.4842764876857571 0.8522143160341559 0.19800768424781562
vn -0.7869459818169967 0.032045502827509634 0.6161891815429862
vn -0.4842764876857571 0.8522143160341559 0.19800768424781562
vn -0.9531560019226657 0.2763850239845557 -0.12290221526016509
vn -0.9531560019226657 0.2763850239845557 -0.12290221526016509
vn -0.4842764876857571 0.8522143160341559 0.19800768424781562
vn -0.907408705270966 0.3938554227499072 0.1465856322050741
vn 0.41119277416559213 -0.6932869543330848 -0.5918392530286914
vn -0.27479115228972584 0.5338956137147632 -0.7996532350209189
vn 0.7084433386292881 -0.4272695092079065 -0.5617373073359314
vn 0.41119277416559213 -0.6932869543330848 -0.5918392530286914
vn 0.24235129637419373 -0.9660786506423544 -0.08920700599614073
vn 0.1301331843129871 -0.6534126374449404 -0.7457327132209027
vn 0.344073612816957 -0.8401939610040214 0.41915087600464307
vn 0.8003934546392535 0.3542960286938195 0.48357485648287124
vn 0.893635405061137 -0.4094773291918829 0.18369561698391118
vn -0.3853655793908591 0.43614947837605966 -0.8131832528606565
vn -0.3510922139657249 0.44658660203449957 -0.8229791395751932
vn 0.8317346990322628 -0.06924764663296004 -0.5508376837703717
vn -0.3853655793908591 0.43614947837605966 -0.8131832528606565
vn 0.8317346990322628 -0.06924764663296004 -0.5508376837703717
vn 0.8053133179965823 -0.21687029848473902 -0.5517587638565206
vn -0.907408705270966 0.3938554227499072 0.1465856322050741
vn -0.3510922139657249 0.44658660203449957 -0.8229791395751932
vn -0.3853655793908591 0.43614947837605966 -0.8131832528606565
vn -0.907408705270966 0.3938554227499072 0.1465856322050741
vn -0.3853655793908591 0.43614947837605966 -0.8131832528606565
vn -0.9531560019226657 0.2763850239845557 -0.12290221526016509
f 1//1 2//2 3//3
f 4//4 5//5 6//6
f 7//7 8//8 9//9
f 10//10 11//11 12//12
f 13//13 14//14 15//15
f 16//16 17//17 18//18
f 19//19 20//20 21//21
f 22//22 23//23 24//24
f 25//25 26//26 27//27
f 28//28 29//29 30//30
f 31//31 32//32 33//33
f 34//34 35//35 36//36
f 37//37 38//38 39//39
f 40//40 41//41 42//42
f 43//43 44//44 45//45
f 46//46 47//47 48//48
f 49//49 50//50 51//51
f 52//52 53//53 54//54
f 55//55 56//56 57//57
f 58//58 59//59 60//60
f 61//61 62//62 63//63
f 64//64 65//65 66//66
f 67//67 68//68 69//69
f 70//70 71//71 72//72
f 73//73 74//74 75//75
f 76//76 77//77 78//78
f 79//79 80//80 81//81
f 82//82 83//83 84//84
f 85//85 86//86 87//87
f 88//88 89//89 90//90
f 91//91 92//92 93//93
f 94//94 95//95 96//96
f 97//97 98//98 99//99
f 100//100 101//101 102//102
f 103//103 104//104 105//105
f 106//106 107//107 108//108
f 109//109 110//110 111//111
f 112//112 113//113 114//114
f 115//115 116//116 117//117
f 118//118 119//119 120//120
f 121//121 122//122 123//123
f 124//124 125//125 126//126
f 127//127 128//128 129//129
f 130//130 131//131 132//132
f 133//133 134//134 135//135
f 136//136 137//137 138//138
f 139//139 140//140 141//141
f 142//142 143//143 144//144
f 145//145 146//146 147//147
f 148//148 149//149 150//150
f 151//151 152//152 153//153
f 154//154 155//155 156//156
f 157//157 158//158 159//159
f 160//160 161//161 162//162
f 163//163 164//164 165//165
f 166//166 167//167 168//168
f 169//169 170//170 171//171
f 172//172 173//173 174//174
f 175//175 176//176 177//177
f 178//178 179//179 180//180
f 181//181 182//182 183//183
f 184//184 185//185 186//186
f 187//187 188//188 189//189
f 190//190 191//191 192//192
f 193//193 194//194 195//195
f 196//196 197//197 198//198
f 199//199 200//200 201//201
f 202//202 203//203 204//204
f 205//205 206//206 207//207
f 208//208 209//209 210//210
f 211//211 212//212 213//213
f 214//214 215//215 216//216
f 217//217 218//218 219//219
f 220//220 221//221 222//222
f 223//223 224//224 225//225
f 226//226 227//227 228//228
f 229//229 230//230 231//231
f 232//232 233//233 234//234
f 235//235 236//236 237//237
f 238//238 239//239 240//240
f 241//241 242//242 243//243
f 244//244 245//245 246//246
f 247//247 248//248 249//249
f 250//250 251//251 252//252
o Cube001_2
usemtl Material
v -0.5335943102836609 -0.06991053372621536 -0.6678017377853394
v -0.4430883228778839 -0.38053959608078003 -0.5544202327728271
v -0.5289533138275146 -0.23289336264133453 -0.25149643421173096
v -0.1493770331144333 -0.7637860178947449 -0.9524843096733093
v -0.2878706753253937 -0.596756637096405 -0.9049574732780457
v -0.22488753497600555 -0.713342547416687 -0.5738530158996582
v -0.1493770331144333 -0.7637860178947449 -0.9524843096733093
v -0.22488753497600555 -0.713342547416687 -0.5738530158996582
v -0.13013768196105957 -0.8644806146621704 -0.5929374694824219
v -0.5789099931716919 -0.011622462421655655 -0.08071854710578918
v -0.5335943102836609 -0.06991053372621536 -0.6678017377853394
v -0.5947684645652771 -0.08170077204704285 -0.07998234033584595
v -0.24940256774425507 -0.7660284638404846 -0.6901304125785828
v -0.2551623284816742 -0.7800981998443604 -0.9227779507637024
v -0.15901117026805878 -0.8687152862548828 -0.9405142068862915
v -0.24940256774425507 -0.7660284638404846 -0.6901304125785828
v -0.15901117026805878 -0.8687152862548828 -0.9405142068862915
v -0.1376953125 -0.8583568334579468 -0.7145519256591797
v -0.4701327681541443 -0.0716119110584259 -0.6985326409339905
v -0.5335943102836609 -0.06991053372621536 -0.6678017377853394
v -0.5789099931716919 -0.011622462421655655 -0.08071854710578918
v -0.4701327681541443 -0.0716119110584259 -0.6985326409339905
v -0.5789099931716919 -0.011622462421655655 -0.08071854710578918
v -0.5005565285682678 -0.014627963304519653 -0.0826619565486908
v -0.1376953125 -0.8583568334579468 -0.7145519256591797
v -0.15901117026805878 -0.8687152862548828 -0.9405142068862915
v 0 -0.9107467532157898 -0.8909750580787659
v -0.1376953125 -0.8583568334579468 -0.7145519256591797
v 0 -0.9107467532157898 -0.8909750580787659
v 0 -0.9050976037979126 -0.7219471335411072
v 0 -0.8928895592689514 -0.9460341334342957
v -0.15901117026805878 -0.8687152862548828 -0.9405142068862915
v -0.1493770331144333 -0.7637860178947449 -0.9524843096733093
v 0 -0.8928895592689514 -0.9460341334342957
v -0.1493770331144333 -0.7637860178947449 -0.9524843096733093
v 0 -0.812552273273468 -0.9572201371192932
v -0.29038745164871216 -0.6108295321464539 -0.6512359380722046
v -0.33930766582489014 -0.6399474740028381 -0.8963886499404907
v -0.2551623284816742 -0.7800981998443604 -0.9227779507637024
v -0.29038745164871216 -0.6108295321464539 -0.6512359380722046
v -0.2551623284816742 -0.7800981998443604 -0.9227779507637024
v -0.24940256774425507 -0.7660284638404846 -0.6901304125785828
v -0.29038745164871216 -0.6108295321464539 -0.6512359380722046
v -0.24940256774425507 -0.7660284638404846 -0.6901304125785828
v -0.25973832607269287 -0.7444199323654175 -0.5743849277496338
v -0.29038745164871216 -0.6108295321464539 -0.6512359380722046
v -0.25973832607269287 -0.7444199323654175 -0.5743849277496338
v -0.31444188952445984 -0.5337783694267273 -0.5265988707542419
v -0.14967072010040283 -0.895057201385498 -0.5982073545455933
v -0.1376953125 -0.8583568334579468 -0.7145519256591797
v 0 -0.9050976037979126 -0.7219471335411072
v -0.14967072010040283 -0.895057201385498 -0.5982073545455933
v 0 -0.9050976037979126 -0.7219471335411072
v 0 -0.936870276927948 -0.603543221950531
v -0.25973832607269287 -0.7444199323654175 -0.5743849277496338
v -0.24940256774425507 -0.7660284638404846 -0.6901304125785828
v -0.1376953125 -0.8583568334579468 -0.7145519256591797
v -0.25973832607269287 -0.7444199323654175 -0.5743849277496338
v -0.1376953125 -0.8583568334579468 -0.7145519256591797
v -0.14967072010040283 -0.895057201385498 -0.5982073545455933
v -0.4532180428504944 -0.3663621246814728 -0.10592091083526611
v -0.4847099483013153 -0.3994465172290802 -0.10124588012695312
v -0.37410464882850647 -0.4033799469470978 -0.5349279046058655
v -0.4532180428504944 -0.3663621246814728 -0.10592091083526611
v -0.37410464882850647 -0.4033799469470978 -0.5349279046058655
v -0.3136812150478363 -0.35813674330711365 -0.5138329863548279
v -0.45409223437309265 -0.35281774401664734 -0.7845854759216309
v -0.5335943102836609 -0.06991053372621536 -0.6678017377853394
v -0.4701327681541443 -0.0716119110584259 -0.6985326409339905
v -0.45409223437309265 -0.35281774401664734 -0.7845854759216309
v -0.4701327681541443 -0.0716119110584259 -0.6985326409339905
v -0.39958927035331726 -0.32381144165992737 -0.8015035390853882
v -0.1493770331144333 -0.7637860178947449 -0.9524843096733093
v -0.13013768196105957 -0.8644806146621704 -0.5929374694824219
v 0 -0.9022026062011719 -0.5969140529632568
v -0.1493770331144333 -0.7637860178947449 -0.9524843096733093
v 0 -0.9022026062011719 -0.5969140529632568
v 0 -0.812552273273468 -0.9572201371192932
v -0.2878706753253937 -0.596756637096405 -0.9049574732780457
v -0.25341618061065674 -0.5126688480377197 -0.548538863658905
v -0.22488753497600555 -0.713342547416687 -0.5738530158996582
v -0.39958927035331726 -0.32381144165992737 -0.8015035390853882
v -0.4701327681541443 -0.0716119110584259 -0.6985326409339905
v -0.3136812150478363 -0.35813674330711365 -0.5138329863548279
v -0.4701327681541443 -0.0716119110584259 -0.6985326409339905
v -0.5005565285682678 -0.014627963304519653 -0.0826619565486908
v -0.3136812150478363 -0.35813674330711365 -0.5138329863548279
v -0.2757658362388611 -0.7250667214393616 -0.5038046836853027
v -0.25973832607269287 -0.7444199323654175 -0.5743849277496338
v -0.14967072010040283 -0.895057201385498 -0.5982073545455933
v -0.2757658362388611 -0.7250667214393616 -0.5038046836853027
v -0.14967072010040283 -0.895057201385498 -0.5982073545455933
v -0.14913271367549896 -0.8979837894439697 -0.5273637175559998
v -0.14913271367549896 -0.8979837894439697 -0.5273637175559998
v -0.14967072010040283 -0.895057201385498 -0.5982073545455933
v 0 -0.936870276927948 -0.603543221950531
v -0.14913271367549896 -0.8979837894439697 -0.5273637175559998
v 0 -0.936870276927948 -0.603543221950531
v 0 -0.9468035101890564 -0.5322726964950562
v -0.31444188952445984 -0.5337783694267273 -0.5265988707542419
v -0.25973832607269287 -0.7444199323654175 -0.5743849277496338
v -0.2757658362388611 -0.7250667214393616 -0.5038046836853027
v -0.31444188952445984 -0.5337783694267273 -0.5265988707542419
v -0.2757658362388611 -0.7250667214393616 -0.5038046836853027
v -0.31098324060440063 -0.5222904682159424 -0.4725554287433624
v -0.3201148509979248 -0.5036675930023193 -0.5932022333145142
v -0.37410464882850647 -0.4033799469470978 -0.5349279046058655
v -0.33930766582489014 -0.6399474740028381 -0.8963886499404907
v -0.4430883228778839 -0.38053959608078003 -0.5544202327728271
v -0.33930766582489014 -0.6399474740028381 -0.8963886499404907
v -0.37410464882850647 -0.4033799469470978 -0.5349279046058655
v -0.33107680082321167 -0.3974460959434509 -0.4825686812400818
v -0.29353323578834534 -0.38326242566108704 -0.47754383087158203
v -0.3136812150478363 -0.35813674330711365 -0.5138329863548279
v -0.33107680082321167 -0.3974460959434509 -0.4825686812400818
v -0.3136812150478363 -0.35813674330711365 -0.5138329863548279
v -0.37410464882850647 -0.4033799469470978 -0.5349279046058655
v -0.5335943102836609 -0.06991053372621536 -0.6678017377853394
v -0.5289533138275146 -0.23289336264133453 -0.25149643421173096
v -0.5947684645652771 -0.08170077204704285 -0.07998234033584595
v -0.5289533138275146 -0.23289336264133453 -0.25149643421173096
v -0.4847099483013153 -0.3994465172290802 -0.10124588012695312
v -0.4532180428504944 -0.3663621246814728 -0.10592091083526611
v -0.5289533138275146 -0.23289336264133453 -0.25149643421173096
v -0.4532180428504944 -0.3663621246814728 -0.10592091083526611
v -0.4761999845504761 -0.23289336264133453 -0.25149643421173096
v -0.5947684645652771 -0.08170077204704285 -0.07998234033584595
v -0.5289533138275146 -0.23289336264133453 -0.25149643421173096
v -0.4761999845504761 -0.23289336264133453 -0.25149643421173096
v -0.5947684645652771 -0.08170077204704285 -0.07998234033584595
v -0.4761999845504761 -0.23289336264133453 -0.25149643421173096
v -0.5005565285682678 -0.014627963304519653 -0.0826619565486908
v -0.5947684645652771 -0.08170077204704285 -0.07998234033584595
v -0.5005565285682678 -0.014627963304519653 -0.0826619565486908
v -0.5789099931716919 -0.011622462421655655 -0.08071854710578918
v -0.29038745164871216 -0.6108295321464539 -0.6512359380722046
v -0.31444188952445984 -0.5337783694267273 -0.5265988707542419
v -0.3201148509979248 -0.5036675930023193 -0.5932022333145142
v -0.4532180428504944 -0.3663621246814728 -0.10592091083526611
v -0.3136812150478363 -0.35813674330711365 -0.5138329863548279
v -0.4761999845504761 -0.23289336264133453 -0.25149643421173096
v -0.5005565285682678 -0.014627963304519653 -0.0826619565486908
v -0.4761999845504761 -0.23289336264133453 -0.25149643421173096
v -0.3136812150478363 -0.35813674330711365 -0.5138329863548279
v -0.3201148509979248 -0.5036675930023193 -0.5932022333145142
v -0.33930766582489014 -0.6399474740028381 -0.8963886499404907
v -0.29038745164871216 -0.6108295321464539 -0.6512359380722046
v -0.4430883228778839 -0.38053959608078003 -0.5544202327728271
v -0.37410464882850647 -0.4033799469470978 -0.5349279046058655
v -0.4847099483013153 -0.3994465172290802 -0.10124588012695312
v -0.4430883228778839 -0.38053959608078003 -0.5544202327728271
v -0.45409223437309265 -0.35281774401664734 -0.7845854759216309
v -0.33930766582489014 -0.6399474740028381 -0.8963886499404907
v -0.5289533138275146 -0.23289336264133453 -0.25149643421173096
v -0.4430883228778839 -0.38053959608078003 -0.5544202327728271
v -0.4847099483013153 -0.3994465172290802 -0.10124588012695312
v -0.5335943102836609 -0.06991053372621536 -0.6678017377853394
v -0.45409223437309265 -0.35281774401664734 -0.7845854759216309
v -0.4430883228778839 -0.38053959608078003 -0.5544202327728271
v -0.1493770331144333 -0.7637860178947449 -0.9524843096733093
v -0.2551623284816742 -0.7800981998443604 -0.9227779507637024
v -0.33930766582489014 -0.6399474740028381 -0.8963886499404907
v -0.1493770331144333 -0.7637860178947449 -0.9524843096733093
v -0.33930766582489014 -0.6399474740028381 -0.8963886499404907
v -0.2878706753253937 -0.596756637096405 -0.9049574732780457
v -0.3201148509979248 -0.5036675930023193 -0.5932022333145142
v -0.31444188952445984 -0.5337783694267273 -0.5265988707542419
v -0.33107680082321167 -0.3974460959434509 -0.4825686812400818
v -0.32236579060554504 -0.40169140696525574 -0.43847909569740295
v -0.33107680082321167 -0.3974460959434509 -0.4825686812400818
v -0.31444188952445984 -0.5337783694267273 -0.5265988707542419
v -0.32236579060554504 -0.40169140696525574 -0.43847909569740295
v -0.31444188952445984 -0.5337783694267273 -0.5265988707542419
v -0.31098324060440063 -0.5222904682159424 -0.4725554287433624
v -0.33107680082321167 -0.3974460959434509 -0.4825686812400818
v -0.32236579060554504 -0.40169140696525574 -0.43847909569740295
v -0.2748289704322815 -0.41067615151405334 -0.43847909569740295
v -0.33107680082321167 -0.3974460959434509 -0.4825686812400818
v -0.2748289704322815 -0.41067615151405334 -0.43847909569740295
v -0.29353323578834534 -0.38326242566108704 -0.47754383087158203
v 0 -0.9022026062011719 -0.5278523564338684
v -0.13013768196105957 -0.8644806146621704 -0.5238757729530334
v -0.14913271367549896 -0.8979837894439697 -0.5273637175559998
v 0 -0.9022026062011719 -0.5278523564338684
v -0.14913271367549896 -0.8979837894439697 -0.5273637175559998
v 0 -0.9468035101890564 -0.5322726964950562
v -0.13013768196105957 -0.8644806146621704 -0.5238757729530334
v -0.2205861508846283 -0.713342547416687 -0.504791259765625
v -0.2757658362388611 -0.7250667214393616 -0.5038046836853027
v -0.13013768196105957 -0.8644806146621704 -0.5238757729530334
v -0.2757658362388611 -0.7250667214393616 -0.5038046836853027
v -0.14913271367549896 -0.8979837894439697 -0.5273637175559998
v -0.2205861508846283 -0.713342547416687 -0.504791259765625
v -0.25341618061065674 -0.5126688480377197 -0.4794771373271942
v -0.31098324060440063 -0.5222904682159424 -0.4725554287433624
v -0.2205861508846283 -0.713342547416687 -0.504791259765625
v -0.31098324060440063 -0.5222904682159424 -0.4725554287433624
v -0.2757658362388611 -0.7250667214393616 -0.5038046836853027
v -0.25341618061065674 -0.5126688480377197 -0.4794771373271942
v -0.2748289704322815 -0.41067615151405334 -0.43847909569740295
v -0.32236579060554504 -0.40169140696525574 -0.43847909569740295
v -0.25341618061065674 -0.5126688480377197 -0.4794771373271942
v -0.32236579060554504 -0.40169140696525574 -0.43847909569740295
v -0.31098324060440063 -0.5222904682159424 -0.4725554287433624
v -0.13013768196105957 -0.8644806146621704 -0.5929374694824219
v -0.22488753497600555 -0.713342547416687 -0.5738530158996582
v -0.2205861508846283 -0.713342547416687 -0.504791259765625
v -0.13013768196105957 -0.8644806146621704 -0.5929374694824219
v -0.2205861508846283 -0.713342547416687 -0.504791259765625
v -0.13013768196105957 -0.8644806146621704 -0.5238757729530334
v 0 -0.9022026062011719 -0.5969140529632568
v -0.13013768196105957 -0.8644806146621704 -0.5929374694824219
v -0.13013768196105957 -0.8644806146621704 -0.5238757729530334
v 0 -0.9022026062011719 -0.5969140529632568
v -0.13013768196105957 -0.8644806146621704 -0.5238757729530334
v 0 -0.9022026062011719 -0.5278523564338684
v -0.22488753497600555 -0.713342547416687 -0.5738530158996582
v -0.25341618061065674 -0.5126688480377197 -0.548538863658905
v -0.25341618061065674 -0.5126688480377197 -0.4794771373271942
v -0.22488753497600555 -0.713342547416687 -0.5738530158996582
v -0.25341618061065674 -0.5126688480377197 -0.4794771373271942
v -0.2205861508846283 -0.713342547416687 -0.504791259765625
v -0.25341618061065674 -0.5126688480377197 -0.548538863658905
v -0.29353323578834534 -0.38326242566108704 -0.47754383087158203
v -0.2748289704322815 -0.41067615151405334 -0.43847909569740295
v -0.25341618061065674 -0.5126688480377197 -0.548538863658905
v -0.2748289704322815 -0.41067615151405334 -0.43847909569740295
v -0.25341618061065674 -0.5126688480377197 -0.4794771373271942
v -0.3136812150478363 -0.35813674330711365 -0.5138329863548279
v -0.29353323578834534 -0.38326242566108704 -0.47754383087158203
v -0.25341618061065674 -0.5126688480377197 -0.548538863658905
v -0.2551623284816742 -0.7800981998443604 -0.9227779507637024
v -0.1493770331144333 -0.7637860178947449 -0.9524843096733093
v -0.15901117026805878 -0.8687152862548828 -0.9405142068862915
v 0 -0.8928895592689514 -0.9460341334342957
v 0 -0.9107467532157898 -0.8909750580787659
v -0.15901117026805878 -0.8687152862548828 -0.9405142068862915
v -0.3201148509979248 -0.5036675930023193 -0.5932022333145142
v -0.33107680082321167 -0.3974460959434509 -0.4825686812400818
v -0.37410464882850647 -0.4033799469470978 -0.5349279046058655
v -0.33930766582489014 -0.6399474740028381 -0.8963886499404907
v -0.45409223437309265 -0.35281774401664734 -0.7845854759216309
v -0.39958927035331726 -0.32381144165992737 -0.8015035390853882
v -0.33930766582489014 -0.6399474740028381 -0.8963886499404907
v -0.39958927035331726 -0.32381144165992737 -0.8015035390853882
v -0.2878706753253937 -0.596756637096405 -0.9049574732780457
v -0.25341618061065674 -0.5126688480377197 -0.548538863658905
v -0.2878706753253937 -0.596756637096405 -0.9049574732780457
v -0.39958927035331726 -0.32381144165992737 -0.8015035390853882
v -0.25341618061065674 -0.5126688480377197 -0.548538863658905
v -0.39958927035331726 -0.32381144165992737 -0.8015035390853882
v -0.3136812150478363 -0.35813674330711365 -0.5138329863548279
vn -0.732289789634944 0.5466384431769663 -0.4061256904425922
vn -0.7825132787962639 -0.6194794916196056 0.06259495163537852
vn -0.855614908282914 -0.34752584375493195 0.3835999434911888
vn 0.27479115228972584 0.5338956137147632 -0.7996532350209189
vn 0.3853655793908591 0.43614947837605966 -0.8131832528606565
vn 0.9223699574445896 0.38591033726572194 -0.01751779652589524
vn 0.27479115228972584 0.5338956137147632 -0.7996532350209189
vn 0.9223699574445896 0.38591033726572194 -0.01751779652589524
vn 0.5791109352084735 0.8110299913438557 0.08283041628986704
vn -0.5158598198748973 0.6628079722277475 0.5427469375224331
vn -0.732289789634944 0.5466384431769663 -0.4061256904425922
vn -0.6448065462763177 -0.35405155051179277 0.6774009281506799
vn -0.8348743070942889 -0.5501637498265084 0.017456796116867696
vn -0.7084433386292881 -0.4272695092079065 -0.5617373073359314
vn -0.41119277416559213 -0.6932869543330848 -0.5918392530286914
vn -0.8348743070942889 -0.5501637498265084 0.017456796116867696
vn -0.41119277416559213 -0.6932869543330848 -0.5918392530286914
vn -0.5134256385343476 -0.8555770951165534 -0.06619628394039659
vn 0.31181950383308304 0.7245370979468583 -0.6146662433614153
vn -0.732289789634944 0.5466384431769663 -0.4061256904425922
vn -0.5158598198748973 0.6628079722277475 0.5427469375224331
vn 0.31181950383308304 0.7245370979468583 -0.6146662433614153
vn -0.5158598198748973 0.6628079722277475 0.5427469375224331
vn 0.5183734055486412 0.4844967794482529 0.7046643762275592
vn -0.5134256385343476 -0.8555770951165534 -0.06619628394039659
vn -0.41119277416559213 -0.6932869543330848 -0.5918392530286914
vn -0.24235129637419373 -0.9660786506423544 -0.08920700599614073
vn -0.5134256385343476 -0.8555770951165534 -0.06619628394039659
vn -0.24235129637419373 -0.9660786506423544 -0.08920700599614073
vn -0.2979257117883366 -0.9477955734287087 -0.11368298572943183
vn -0.1301331843129871 -0.6534126374449404 -0.7457327132209027
vn -0.41119277416559213 -0.6932869543330848 -0.5918392530286914
vn 0.27479115228972584 0.5338956137147632 -0.7996532350209189
vn -0.1301331843129871 -0.6534126374449404 -0.7457327132209027
vn 0.27479115228972584 0.5338956137147632 -0.7996532350209189
vn 0.18140823965892508 0.6408801087216451 -0.7458979399547785
vn -0.9417286594579967 -0.3248761118021081 0.08719314156393534
vn -0.8053133179965823 -0.21687029848473902 -0.5517587638565206
vn -0.7084433386292881 -0.4272695092079065 -0.5617373073359314
vn -0.9417286594579967 -0.3248761118021081 0.08719314156393534
vn -0.7084433386292881 -0.4272695092079065 -0.5617373073359314
vn -0.8348743070942889 -0.5501637498265084 0.017456796116867696
vn -0.9417286594579967 -0.3248761118021081 0.08719314156393534
vn -0.8348743070942889 -0.5501637498265084 0.017456796116867696
vn -0.896308180444687 -0.4405701442600255 -0.05029506590745169
vn -0.9417286594579967 -0.3248761118021081 0.08719314156393534
vn -0.896308180444687 -0.4405701442600255 -0.05029506590745169
vn -0.9817514952611366 -0.19013652083472593 0.003479223676054354
vn -0.5563019906563247 -0.8204447326842997 -0.1319035094392814
vn -0.5134256385343476 -0.8555770951165534 -0.06619628394039659
vn -0.2979257117883366 -0.9477955734287087 -0.11368298572943183
vn -0.5563019906563247 -0.8204447326842997 -0.1319035094392814
vn -0.2979257117883366 -0.9477955734287087 -0.11368298572943183
vn -0.29436226204034127 -0.9380222088878372 -0.18293494559453713
vn -0.896308180444687 -0.4405701442600255 -0.05029506590745169
vn -0.8348743070942889 -0.5501637498265084 0.017456796116867696
vn -0.5134256385343476 -0.8555770951165534 -0.06619628394039659
vn -0.896308180444687 -0.4405701442600255 -0.05029506590745169
vn -0.5134256385343476 -0.8555770951165534 -0.06619628394039659
vn -0.5563019906563247 -0.8204447326842997 -0.1319035094392814
vn 0.5623873423562522 0.11689063060491356 0.8185701299426075
vn -0.2223898598389691 -0.5981667776523875 0.7698956139333195
vn -0.344073612816957 -0.8401939610040214 0.41915087600464307
vn 0.5623873423562522 0.11689063060491356 0.8185701299426075
vn -0.344073612816957 -0.8401939610040214 0.41915087600464307
vn 0.907408705270966 0.3938554227499072 0.1465856322050741
vn -0.8317346990322628 -0.06924764663296004 -0.5508376837703717
vn -0.732289789634944 0.5466384431769663 -0.4061256904425922
vn 0.31181950383308304 0.7245370979468583 -0.6146662433614153
vn -0.8317346990322628 -0.06924764663296004 -0.5508376837703717
vn 0.31181950383308304 0.7245370979468583 -0.6146662433614153
vn 0.3510922139657249 0.44658660203449957 -0.8229791395751932
vn 0.27479115228972584 0.5338956137147632 -0.7996532350209189
vn 0.5791109352084735 0.8110299913438557 0.08283041628986704
vn 0.28819168448131705 0.950150517308501 0.11899389670991052
vn 0.27479115228972584 0.5338956137147632 -0.7996532350209189
vn 0.28819168448131705 0.950150517308501 0.11899389670991052
vn 0.18140823965892508 0.6408801087216451 -0.7458979399547785
vn 0.3853655793908591 0.43614947837605966 -0.8131832528606565
vn 0.9531560019226657 0.2763850239845557 -0.12290221526016509
vn 0.9223699574445896 0.38591033726572194 -0.01751779652589524
vn 0.3510922139657249 0.44658660203449957 -0.8229791395751932
vn 0.31181950383308304 0.7245370979468583 -0.6146662433614153
vn 0.907408705270966 0.3938554227499072 0.1465856322050741
vn 0.31181950383308304 0.7245370979468583 -0.6146662433614153
vn 0.5183734055486412 0.4844967794482529 0.7046643762275592
vn 0.907408705270966 0.3938554227499072 0.1465856322050741
vn -0.6818320644705025 -0.3497818944065425 0.6424621873739054
vn -0.896308180444687 -0.4405701442600255 -0.05029506590745169
vn -0.5563019906563247 -0.8204447326842997 -0.1319035094392814
vn -0.6818320644705025 -0.3497818944065425 0.6424621873739054
vn -0.5563019906563247 -0.8204447326842997 -0.1319035094392814
vn -0.43791553066168265 -0.681425758631883 0.5864204323505958
vn -0.43791553066168265 -0.681425758631883 0.5864204323505958
vn -0.5563019906563247 -0.8204447326842997 -0.1319035094392814
vn -0.29436226204034127 -0.9380222088878372 -0.18293494559453713
vn -0.43791553066168265 -0.681425758631883 0.5864204323505958
vn -0.29436226204034127 -0.9380222088878372 -0.18293494559453713
vn -0.22599400795368396 -0.8013097124194272 0.5539218836183719
vn -0.9817514952611366 -0.19013652083472593 0.003479223676054354
vn -0.896308180444687 -0.4405701442600255 -0.05029506590745169
vn -0.6818320644705025 -0.3497818944065425 0.6424621873739054
vn -0.9817514952611366 -0.19013652083472593 0.003479223676054354
vn -0.6818320644705025 -0.3497818944065425 0.6424621873739054
vn -0.6548200331976097 -0.26896575963317454 0.7063059848734334
vn -0.893635405061137 -0.4094773291918829 0.18369561698391118
vn -0.344073612816957 -0.8401939610040214 0.41915087600464307
vn -0.8053133179965823 -0.21687029848473902 -0.5517587638565206
vn -0.7825132787962639 -0.6194794916196056 0.06259495163537852
vn -0.8053133179965823 -0.21687029848473902 -0.5517587638565206
vn -0.344073612816957 -0.8401939610040214 0.41915087600464307
vn -0.8003934546392535 0.3542960286938195 0.48357485648287124
vn 0.4842764876857571 0.8522143160341559 0.19800768424781562
vn 0.907408705270966 0.3938554227499072 0.1465856322050741
vn -0.8003934546392535 0.3542960286938195 0.48357485648287124
vn 0.907408705270966 0.3938554227499072 0.1465856322050741
vn -0.344073612816957 -0.8401939610040214 0.41915087600464307
vn -0.732289789634944 0.5466384431769663 -0.4061256904425922
vn -0.855614908282914 -0.34752584375493195 0.3835999434911888
vn -0.6448065462763177 -0.35405155051179277 0.6774009281506799
vn -0.855614908282914 -0.34752584375493195 0.3835999434911888
vn -0.2223898598389691 -0.5981667776523875 0.7698956139333195
vn 0.5623873423562522 0.11689063060491356 0.8185701299426075
vn -0.855614908282914 -0.34752584375493195 0.3835999434911888
vn 0.5623873423562522 0.11689063060491356 0.8185701299426075
vn 0.6030267649620216 0.01086479735921838 0.7976469625829349
vn -0.6448065462763177 -0.35405155051179277 0.6774009281506799
vn -0.855614908282914 -0.34752584375493195 0.3835999434911888
vn 0.6030267649620216 0.01086479735921838 0.7976469625829349
vn -0.6448065462763177 -0.35405155051179277 0.6774009281506799
vn 0.6030267649620216 0.01086479735921838 0.7976469625829349
vn 0.5183734055486412 0.4844967794482529 0.7046643762275592
vn -0.6448065462763177 -0.35405155051179277 0.6774009281506799
vn 0.5183734055486412 0.4844967794482529 0.7046643762275592
vn -0.5158598198748973 0.6628079722277475 0.5427469375224331
vn -0.9417286594579967 -0.3248761118021081 0.08719314156393534
vn -0.9817514952611366 -0.19013652083472593 0.003479223676054354
vn -0.893635405061137 -0.4094773291918829 0.18369561698391118
vn 0.5623873423562522 0.11689063060491356 0.8185701299426075
vn 0.907408705270966 0.3938554227499072 0.1465856322050741
vn 0.6030267649620216 0.01086479735921838 0.7976469625829349
vn 0.5183734055486412 0.4844967794482529 0.7046643762275592
vn 0.6030267649620216 0.01086479735921838 0.7976469625829349
vn 0.907408705270966 0.3938554227499072 0.1465856322050741
vn -0.893635405061137 -0.4094773291918829 0.18369561698391118
vn -0.8053133179965823 -0.21687029848473902 -0.5517587638565206
vn -0.9417286594579967 -0.3248761118021081 0.08719314156393534
vn -0.7825132787962639 -0.6194794916196056 0.06259495163537852
vn -0.344073612816957 -0.8401939610040214 0.41915087600464307
vn -0.2223898598389691 -0.5981667776523875 0.7698956139333195
vn -0.7825132787962639 -0.6194794916196056 0.06259495163537852
vn -0.8317346990322628 -0.06924764663296004 -0.5508376837703717
vn -0.8053133179965823 -0.21687029848473902 -0.5517587638565206
vn -0.855614908282914 -0.34752584375493195 0.3835999434911888
vn -0.7825132787962639 -0.6194794916196056 0.06259495163537852
vn -0.2223898598389691 -0.5981667776523875 0.7698956139333195
vn -0.732289789634944 0.5466384431769663 -0.4061256904425922
vn -0.8317346990322628 -0.06924764663296004 -0.5508376837703717
vn -0.7825132787962639 -0.6194794916196056 0.06259495163537852
vn 0.27479115228972584 0.5338956137147632 -0.7996532350209189
vn -0.7084433386292881 -0.4272695092079065 -0.5617373073359314
vn -0.8053133179965823 -0.21687029848473902 -0.5517587638565206
vn 0.27479115228972584 0.5338956137147632 -0.7996532350209189
vn -0.8053133179965823 -0.21687029848473902 -0.5517587638565206
vn 0.3853655793908591 0.43614947837605966 -0.8131832528606565
vn -0.893635405061137 -0.4094773291918829 0.18369561698391118
vn -0.9817514952611366 -0.19013652083472593 0.003479223676054354
vn -0.8003934546392535 0.3542960286938195 0.48357485648287124
vn -0.525822461832854 0.37578803385292336 0.7630819695452061
vn -0.8003934546392535 0.3542960286938195 0.48357485648287124
vn -0.9817514952611366 -0.19013652083472593 0.003479223676054354
vn -0.525822461832854 0.37578803385292336 0.7630819695452061
vn -0.9817514952611366 -0.19013652083472593 0.003479223676054354
vn -0.6548200331976097 -0.26896575963317454 0.7063059848734334
vn -0.8003934546392535 0.3542960286938195 0.48357485648287124
vn -0.525822461832854 0.37578803385292336 0.7630819695452061
vn 0.6173974327556776 0.3286885925554644 0.7146916951739444
vn -0.8003934546392535 0.3542960286938195 0.48357485648287124
vn 0.6173974327556776 0.3286885925554644 0.7146916951739444
vn 0.4842764876857571 0.8522143160341559 0.19800768424781562
vn 0.1915687196097306 0.5795587369301043 0.7920941207426494
vn 0.4093505602051419 0.4146913746153977 0.8126888596992877
vn -0.43791553066168265 -0.681425758631883 0.5864204323505958
vn 0.1915687196097306 0.5795587369301043 0.7920941207426494
vn -0.43791553066168265 -0.681425758631883 0.5864204323505958
vn -0.22599400795368396 -0.8013097124194272 0.5539218836183719
vn 0.4093505602051419 0.4146913746153977 0.8126888596992877
vn 0.673627354397798 0.1369411751285365 0.726273572396407
vn -0.6818320644705025 -0.3497818944065425 0.6424621873739054
vn 0.4093505602051419 0.4146913746153977 0.8126888596992877
vn -0.6818320644705025 -0.3497818944065425 0.6424621873739054
vn -0.43791553066168265 -0.681425758631883 0.5864204323505958
vn 0.673627354397798 0.1369411751285365 0.726273572396407
vn 0.7869459818169967 0.032045502827509634 0.6161891815429862
vn -0.6548200331976097 -0.26896575963317454 0.7063059848734334
vn 0.673627354397798 0.1369411751285365 0.726273572396407
vn -0.6548200331976097 -0.26896575963317454 0.7063059848734334
vn -0.6818320644705025 -0.3497818944065425 0.6424621873739054
vn 0.7869459818169967 0.032045502827509634 0.6161891815429862
vn 0.6173974327556776 0.3286885925554644 0.7146916951739444
vn -0.525822461832854 0.37578803385292336 0.7630819695452061
vn 0.7869459818169967 0.032045502827509634 0.6161891815429862
vn -0.525822461832854 0.37578803385292336 0.7630819695452061
vn -0.6548200331976097 -0.26896575963317454 0.7063059848734334
vn 0.5791109352084735 0.8110299913438557 0.08283041628986704
vn 0.9223699574445896 0.38591033726572194 -0.01751779652589524
vn 0.673627354397798 0.1369411751285365 0.726273572396407
vn 0.5791109352084735 0.8110299913438557 0.08283041628986704
vn 0.673627354397798 0.1369411751285365 0.726273572396407
vn 0.4093505602051419 0.4146913746153977 0.8126888596992877
vn 0.28819168448131705 0.950150517308501 0.11899389670991052
vn 0.5791109352084735 0.8110299913438557 0.08283041628986704
vn 0.4093505602051419 0.4146913746153977 0.8126888596992877
vn 0.28819168448131705 0.950150517308501 0.11899389670991052
vn 0.4093505602051419 0.4146913746153977 0.8126888596992877
vn 0.1915687196097306 0.5795587369301043 0.7920941207426494
vn 0.9223699574445896 0.38591033726572194 -0.01751779652589524
vn 0.9531560019226657 0.2763850239845557 -0.12290221526016509
vn 0.7869459818169967 0.032045502827509634 0.6161891815429862
vn 0.9223699574445896 0.38591033726572194 -0.01751779652589524
vn 0.7869459818169967 0.032045502827509634 0.6161891815429862
vn 0.673627354397798 0.1369411751285365 0.726273572396407
vn 0.9531560019226657 0.2763850239845557 -0.12290221526016509
vn 0.4842764876857571 0.8522143160341559 0.19800768424781562
vn 0.6173974327556776 0.3286885925554644 0.7146916951739444
vn 0.9531560019226657 0.2763850239845557 -0.12290221526016509
vn 0.6173974327556776 0.3286885925554644 0.7146916951739444
vn 0.7869459818169967 0.032045502827509634 0.6161891815429862
vn 0.907408705270966 0.3938554227499072 0.1465856322050741
vn 0.4842764876857571 0.8522143160341559 0.19800768424781562
vn 0.9531560019226657 0.2763850239845557 -0.12290221526016509
vn -0.7084433386292881 -0.4272695092079065 -0.5617373073359314
vn 0.27479115228972584 0.5338956137147632 -0.7996532350209189
vn -0.41119277416559213 -0.6932869543330848 -0.5918392530286914
vn -0.1301331843129871 -0.6534126374449404 -0.7457327132209027
vn -0.24235129637419373 -0.9660786506423544 -0.08920700599614073
vn -0.41119277416559213 -0.6932869543330848 -0.5918392530286914
vn -0.893635405061137 -0.4094773291918829 0.18369561698391118
vn -0.8003934546392535 0.3542960286938195 0.48357485648287124
vn -0.344073612816957 -0.8401939610040214 0.41915087600464307
vn -0.8053133179965823 -0.21687029848473902 -0.5517587638565206
vn -0.8317346990322628 -0.06924764663296004 -0.5508376837703717
vn 0.3510922139657249 0.44658660203449957 -0.8229791395751932
vn -0.8053133179965823 -0.21687029848473902 -0.5517587638565206
vn 0.3510922139657249 0.44658660203449957 -0.8229791395751932
vn 0.3853655793908591 0.43614947837605966 -0.8131832528606565
vn 0.9531560019226657 0.2763850239845557 -0.12290221526016509
vn 0.3853655793908591 0.43614947837605966 -0.8131832528606565
vn 0.3510922139657249 0.44658660203449957 -0.8229791395751932
vn 0.9531560019226657 0.2763850239845557 -0.12290221526016509
vn 0.3510922139657249 0.44658660203449957 -0.8229791395751932
vn 0.907408705270966 0.3938554227499072 0.1465856322050741
f 253//253 254//254 255//255
f 256//256 257//257 258//258
f 259//259 260//260 261//261
f 262//262 263//263 264//264
f 265//265 266//266 267//267
f 268//268 269//269 270//270
f 271//271 272//272 273//273
f 274//274 275//275 276//276
f 277//277 278//278 279//279
f 280//280 281//281 282//282
f 283//283 284//284 285//285
f 286//286 287//287 288//288
f 289//289 290//290 291//291
f 292//292 293//293 294//294
f 295//295 296//296 297//297
f 298//298 299//299 300//300
f 301//301 302//302 303//303
f 304//304 305//305 306//306
f 307//307 308//308 309//309
f 310//310 311//311 312//312
f 313//313 314//314 315//315
f 316//316 317//317 318//318
f 319//319 320//320 321//321
f 322//322 323//323 324//324
f 325//325 326//326 327//327
f 328//328 329//329 330//330
f 331//331 332//332 333//333
f 334//334 335//335 336//336
f 337//337 338//338 339//339
f 340//340 341//341 342//342
f 343//343 344//344 345//345
f 346//346 347//347 348//348
f 349//349 350//350 351//351
f 352//352 353//353 354//354
f 355//355 356//356 357//357
f 358//358 359//359 360//360
f 361//361 362//362 363//363
f 364//364 365//365 366//366
f 367//367 368//368 369//369
f 370//370 371//371 372//372
f 373//373 374//374 375//375
f 376//376 377//377 378//378
f 379//379 380//380 381//381
f 382//382 383//383 384//384
f 385//385 386//386 387//387
f 388//388 389//389 390//390
f 391//391 392//392 393//393
f 394//394 395//395 396//396
f 397//397 398//398 399//399
f 400//400 401//401 402//402
f 403//403 404//404 405//405
f 406//406 407//407 408//408
f 409//409 410//410 411//411
f 412//412 413//413 414//414
f 415//415 416//416 417//417
f 418//418 419//419 420//420
f 421//421 422//422 423//423
f 424//424 425//425 426//426
f 427//427 428//428 429//429
f 430//430 431//431 432//432
f 433//433 434//434 435//435
f 436//436 437//437 438//438
f 439//439 440//440 441//441
f 442//442 443//443 444//444
f 445//445 446//446 447//447
f 448//448 449//449 450//450
f 451//451 452//452 453//453
f 454//454 455//455 456//456
f 457//457 458//458 459//459
f 460//460 461//461 462//462
f 463//463 464//464 465//465
f 466//466 467//467 468//468
f 469//469 470//470 471//471
f 472//472 473//473 474//474
f 475//475 476//476 477//477
f 478//478 479//479 480//480
f 481//481 482//482 483//483
f 484//484 485//485 486//486
f 487//487 488//488 489//489
f 490//490 491//491 492//492
f 493//493 494//494 495//495
f 496//496 497//497 498//498
f 499//499 500//500 501//501
f 502//502 503//503 504//504
o Cube_1
usemtl Material
v 0.30610328912734985 0.885370671749115 0.36279094219207764
v 0.30737102031707764 0.7165787220001221 0.711505651473999
v 0.6001497507095337 0.5933488607406616 0.5686342120170593
v 0.30610328912734985 0.885370671749115 0.36279094219207764
v 0.6001497507095337 0.5933488607406616 0.5686342120170593
v 0.5998899340629578 0.7237654328346252 0.29271987080574036
v 0.29773208498954773 0.9110821485519409 0.021425889804959297
v 0.5586894750595093 0.6846281290054321 0
v 0.45591431856155396 0.5913636088371277 -0.23216316103935242
v 0.29773208498954773 0.9110821485519409 0.021425889804959297
v 0.45591431856155396 0.5913636088371277 -0.23216316103935242
v 0.3116658329963684 0.6766395568847656 -0.20604494214057922
v 0.5586894750595093 0.6846281290054321 0
v 0.5913122296333313 0.22613076865673065 -0.31327900290489197
v 0.45591431856155396 0.5913636088371277 -0.23216316103935242
v 0.6796630620956421 0.33271530270576477 0.38849520683288574
v 0.5998899340629578 0.7237654328346252 0.29271987080574036
v 0.6001497507095337 0.5933488607406616 0.5686342120170593
v 0.6796630620956421 0.33271530270576477 0.38849520683288574
v 0.6001497507095337 0.5933488607406616 0.5686342120170593
v 0.6315917372703552 0.31767791509628296 0.6941657066345215
v 0.5310873985290527 -0.505061686038971 0.02491694688796997
v 0.4261827766895294 -0.4619235396385193 0.0453726164996624
v 0.483573853969574 -0.5087038278579712 0.1859739124774933
v 0.44553306698799133 0.17736056447029114 -0.3068877160549164
v 0.3116658329963684 0.6766395568847656 -0.20604494214057922
v 0.45591431856155396 0.5913636088371277 -0.23216316103935242
v 0.44553306698799133 0.17736056447029114 -0.3068877160549164
v 0.45591431856155396 0.5913636088371277 -0.23216316103935242
v 0.5913122296333313 0.22613076865673065 -0.31327900290489197
v 0.31806480884552 0.38045239448547363 0.8932656049728394
v 0.6315917372703552 0.31767791509628296 0.6941657066345215
v 0.6001497507095337 0.5933488607406616 0.5686342120170593
v 0.31806480884552 0.38045239448547363 0.8932656049728394
v 0.6001497507095337 0.5933488607406616 0.5686342120170593
v 0.30737102031707764 0.7165787220001221 0.711505651473999
v 0.2872889041900635 -0.33458566665649414 0.8726187348365784
v 0.3770659565925598 -0.5783366560935974 0.710647463798523
v 0.49430230259895325 -0.510983943939209 0.5891904830932617
v 0.2872889041900635 -0.33458566665649414 0.8726187348365784
v 0.49430230259895325 -0.510983943939209 0.5891904830932617
v 0.5420517921447754 -0.27564001083374023 0.6711609363555908
v 0.3011380136013031 0.000015744270058348775 0.9480680823326111
v 0.2872889041900635 -0.33458566665649414 0.8726187348365784
v 0.5420517921447754 -0.27564001083374023 0.6711609363555908
v 0.3011380136013031 0.000015744270058348775 0.9480680823326111
v 0.5420517921447754 -0.27564001083374023 0.6711609363555908
v 0.5984783172607422 0 0.7184232473373413
v 0.1969524621963501 -0.2537607252597809 -0.17673450708389282
v 0 -0.25622671842575073 -0.155731201171875
v 0 0.17504778504371643 -0.28144803643226624
v 0.1969524621963501 -0.2537607252597809 -0.17673450708389282
v 0 0.17504778504371643 -0.28144803643226624
v 0.296629399061203 0.17504778504371643 -0.30045121908187866
v 0.6472125053405762 0 0.3896126449108124
v 0.5984783172607422 0 0.7184232473373413
v 0.5420517921447754 -0.27564001083374023 0.6711609363555908
v 0.3011380136013031 0.000015744270058348775 0.9480680823326111
v 0.5984783172607422 0 0.7184232473373413
v 0.6315917372703552 0.31767791509628296 0.6941657066345215
v 0.3011380136013031 0.000015744270058348775 0.9480680823326111
v 0.6315917372703552 0.31767791509628296 0.6941657066345215
v 0.31806480884552 0.38045239448547363 0.8932656049728394
v 0.6472125053405762 0 0.3896126449108124
v 0.6796630620956421 0.33271530270576477 0.38849520683288574
v 0.6315917372703552 0.31767791509628296 0.6941657066345215
v 0.6472125053405762 0 0.3896126449108124
v 0.6315917372703552 0.31767791509628296 0.6941657066345215
v 0.5984783172607422 0 0.7184232473373413
v 0.6796630620956421 0.33271530270576477 0.38849520683288574
v 0.6290596127510071 0.2789642810821533 -0.0011169351637363434
v 0.5586894750595093 0.6846281290054321 0
v 0.6796630620956421 0.33271530270576477 0.38849520683288574
v 0.5586894750595093 0.6846281290054321 0
v 0.5998899340629578 0.7237654328346252 0.29271987080574036
v 0.29773208498954773 0.9110821485519409 0.021425889804959297
v 0.30610328912734985 0.885370671749115 0.36279094219207764
v 0.5998899340629578 0.7237654328346252 0.29271987080574036
v 0.29773208498954773 0.9110821485519409 0.021425889804959297
v 0.5998899340629578 0.7237654328346252 0.29271987080574036
v 0.5586894750595093 0.6846281290054321 0
v 0.2872889041900635 -0.33458566665649414 0.8726187348365784
v 0.17888203263282776 -0.6250176429748535 0.7881761193275452
v 0.3770659565925598 -0.5783366560935974 0.710647463798523
v 0 0.5435245037078857 -0.33301424980163574
v 0.16325128078460693 0.7708945274353027 -0.22835496068000793
v 0.3116658329963684 0.6766395568847656 -0.20604494214057922
v 0 0.5435245037078857 -0.33301424980163574
v 0.3116658329963684 0.6766395568847656 -0.20604494214057922
v 0.2796734869480133 0.4752267003059387 -0.34307000041007996
v 0.5135945081710815 -0.690640926361084 0.28909361362457275
v 0.47880974411964417 -0.6755752563476562 0.35267794132232666
v 0.32541295886039734 -0.7716313600540161 0.3098861575126648
v 0.29773208498954773 0.9110821485519409 0.021425889804959297
v 0.3116658329963684 0.6766395568847656 -0.20604494214057922
v 0.16325128078460693 0.7708945274353027 -0.22835496068000793
v 0.32516372203826904 -0.3838006854057312 -0.22947990894317627
v 0.4224667549133301 -0.45684459805488586 -0.0835181325674057
v 0.3325002193450928 -0.58376145362854 -0.28589868545532227
v 0.6712375283241272 -0.2007041573524475 0.0010062191868200898
v 0.6493425965309143 -0.3155733346939087 0.0018948353826999664
v 0.6102687120437622 -0.43457719683647156 -0.11513850092887878
v 0.6712375283241272 -0.2007041573524475 0.0010062191868200898
v 0.6102687120437622 -0.43457719683647156 -0.11513850092887878
v 0.6444723606109619 -0.18482469022274017 -0.0888858288526535
v 0.6102687120437622 -0.43457719683647156 -0.11513850092887878
v 0.5834563970565796 -0.5144122838973999 0.024461200460791588
v 0.5513340830802917 -0.5891851782798767 0.021726369857788086
v 0.6214579343795776 -0.02847120352089405 -0.06315519660711288
v 0.5797973275184631 -0.048597030341625214 -0.08012811839580536
v 0.5018312335014343 0.06425385177135468 -0.08722959458827972
v 0.6102687120437622 -0.43457719683647156 -0.11513850092887878
v 0.46753567457199097 -0.5766875743865967 -0.2772824466228485
v 0.5229066610336304 -0.45580390095710754 -0.08791719377040863
v 0.15576717257499695 -0.8867290019989014 -0.4374130964279175
v 0 -0.9668174982070923 -0.4352407455444336
v 0 -0.9584779143333435 -0.5259779691696167
v 0.15576717257499695 -0.8867290019989014 -0.4374130964279175
v 0 -0.9584779143333435 -0.5259779691696167
v 0.1613539606332779 -0.8941820859909058 -0.5243310928344727
v 0.6214579343795776 -0.02847120352089405 -0.06315519660711288
v 0.6444723606109619 -0.18482469022274017 -0.0888858288526535
v 0.6074893474578857 -0.2165868878364563 -0.10858888179063797
v 0.6214579343795776 -0.02847120352089405 -0.06315519660711288
v 0.6074893474578857 -0.2165868878364563 -0.10858888179063797
v 0.5797973275184631 -0.048597030341625214 -0.08012811839580536
v 0 -0.9382539391517639 0.10634146630764008
v 0.08008919656276703 -0.8517808318138123 0.040599238127470016
v 0.062374092638492584 -0.8306840658187866 0.18391333520412445
v 0 -0.9382539391517639 0.10634146630764008
v 0.062374092638492584 -0.8306840658187866 0.18391333520412445
v 0 -0.8586419224739075 0.1855228841304779
v 0.2685399055480957 -0.7190528512001038 -0.4145025908946991
v 0.15576717257499695 -0.8867290019989014 -0.4374130964279175
v 0.1613539606332779 -0.8941820859909058 -0.5243310928344727
v 0.2685399055480957 -0.7190528512001038 -0.4145025908946991
v 0.1613539606332779 -0.8941820859909058 -0.5243310928344727
v 0.2782387435436249 -0.7320173382759094 -0.5011833310127258
v 0 -0.9770881533622742 -0.2317960560321808
v 0 -0.9527906775474548 -0.32481905817985535
v 0.15551383793354034 -0.8720411658287048 -0.20904487371444702
v 0 0.9609948396682739 0.41013115644454956
v 0 0.7942156195640564 0.7683482766151428
v 0.30737102031707764 0.7165787220001221 0.711505651473999
v 0 0.9609948396682739 0.41013115644454956
v 0.30737102031707764 0.7165787220001221 0.711505651473999
v 0.30610328912734985 0.885370671749115 0.36279094219207764
v 0 0.9765839576721191 -0.023087965324521065
v 0.29773208498954773 0.9110821485519409 0.021425889804959297
v 0.16325128078460693 0.7708945274353027 -0.22835496068000793
v 0 0.9765839576721191 -0.023087965324521065
v 0.16325128078460693 0.7708945274353027 -0.22835496068000793
v 0 0.798134982585907 -0.21658995747566223
v 0 -0.8829020857810974 0.3140735328197479
v 0.19607627391815186 -0.8614184260368347 0.4109034538269043
v 0.17888203263282776 -0.6250176429748535 0.7881761193275452
v 0 -0.8829020857810974 0.3140735328197479
v 0.17888203263282776 -0.6250176429748535 0.7881761193275452
v 0 -0.6652811169624329 0.8150395154953003
v 0 0.5435245037078857 -0.33301424980163574
v 0 0.798134982585907 -0.21658995747566223
v 0.16325128078460693 0.7708945274353027 -0.22835496068000793
v 0 0.43595853447914124 0.9723735451698303
v 0.31806480884552 0.38045239448547363 0.8932656049728394
v 0.30737102031707764 0.7165787220001221 0.711505651473999
v 0 0.43595853447914124 0.9723735451698303
v 0.30737102031707764 0.7165787220001221 0.711505651473999
v 0 0.7942156195640564 0.7683482766151428
v 0 -0.37638145685195923 0.9505374431610107
v 0 -0.6652811169624329 0.8150395154953003
v 0.17888203263282776 -0.6250176429748535 0.7881761193275452
v 0 -0.37638145685195923 0.9505374431610107
v 0.17888203263282776 -0.6250176429748535 0.7881761193275452
v 0.2872889041900635 -0.33458566665649414 0.8726187348365784
v 0 0 1.0308942794799805
v 0 -0.37638145685195923 0.9505374431610107
v 0.2872889041900635 -0.33458566665649414 0.8726187348365784
v 0 0 1.0308942794799805
v 0.2872889041900635 -0.33458566665649414 0.8726187348365784
v 0.3011380136013031 0.000015744270058348775 0.9480680823326111
v 0 0 1.0308942794799805
v 0.3011380136013031 0.000015744270058348775 0.9480680823326111
v 0.31806480884552 0.38045239448547363 0.8932656049728394
v 0 0 1.0308942794799805
v 0.31806480884552 0.38045239448547363 0.8932656049728394
v 0 0.43595853447914124 0.9723735451698303
v 0 -0.8829020857810974 0.3140735328197479
v 0.136016845703125 -0.8669074773788452 0.2898849546909332
v 0.19607627391815186 -0.8614184260368347 0.4109034538269043
v 0 0.9765839576721191 -0.023087965324521065
v 0 0.9609948396682739 0.41013115644454956
v 0.30610328912734985 0.885370671749115 0.36279094219207764
v 0 0.9765839576721191 -0.023087965324521065
v 0.30610328912734985 0.885370671749115 0.36279094219207764
v 0.29773208498954773 0.9110821485519409 0.021425889804959297
v 0.2796734869480133 0.4752267003059387 -0.34307000041007996
v 0.296629399061203 0.17504778504371643 -0.30045121908187866
v 0 0.17504778504371643 -0.28144803643226624
v 0.2796734869480133 0.4752267003059387 -0.34307000041007996
v 0 0.17504778504371643 -0.28144803643226624
v 0 0.5435245037078857 -0.33301424980163574
v 0.2796734869480133 0.4752267003059387 -0.34307000041007996
v 0.44553306698799133 0.17736056447029114 -0.3068877160549164
v 0.296629399061203 0.17504778504371643 -0.30045121908187866
v 0.2796734869480133 0.4752267003059387 -0.34307000041007996
v 0.3116658329963684 0.6766395568847656 -0.20604494214057922
v 0.44553306698799133 0.17736056447029114 -0.3068877160549164
v 0.5834563970565796 -0.5144122838973999 0.024461200460791588
v 0.6493425965309143 -0.3155733346939087 0.0018948353826999664
v 0.5854290127754211 -0.41095679998397827 -0.0044302139431238174
v 0.136016845703125 -0.8669074773788452 0.2898849546909332
v 0.062374092638492584 -0.8306840658187866 0.18391333520412445
v 0.13934734463691711 -0.781542956829071 0.24876737594604492
v 0.08008919656276703 -0.8517808318138123 0.040599238127470016
v 0 -0.9382539391517639 0.10634146630764008
v 0.15551383793354034 -0.8720411658287048 -0.20904487371444702
v 0.5309956073760986 -0.6281791925430298 0.15945632755756378
v 0.5513340830802917 -0.5891851782798767 0.021726369857788086
v 0.5834563970565796 -0.5144122838973999 0.024461200460791588
v 0.5309956073760986 -0.6281791925430298 0.15945632755756378
v 0.5834563970565796 -0.5144122838973999 0.024461200460791588
v 0.539222002029419 -0.604026198387146 0.2088073194026947
v 0.2685399055480957 -0.7190528512001038 -0.4145025908946991
v 0.31731390953063965 -0.5357151627540588 -0.39161643385887146
v 0.3325002193450928 -0.58376145362854 -0.28589868545532227
v 0.2685399055480957 -0.7190528512001038 -0.4145025908946991
v 0.3325002193450928 -0.58376145362854 -0.28589868545532227
v 0.30260470509529114 -0.68381267786026 -0.24240607023239136
v 0.6140332818031311 0.0000857485065353103 0.00011760303459595889
v 0.6712375283241272 -0.2007041573524475 0.0010062191868200898
v 0.6444723606109619 -0.18482469022274017 -0.0888858288526535
v 0.6140332818031311 0.0000857485065353103 0.00011760303459595889
v 0.6444723606109619 -0.18482469022274017 -0.0888858288526535
v 0.6214579343795776 -0.02847120352089405 -0.06315519660711288
v 0.6140332818031311 0.0000857485065353103 0.00011760303459595889
v 0.6290596127510071 0.2789642810821533 -0.0011169351637363434
v 0.5907865762710571 -0.008111715316772461 0.033317163586616516
v 0.5242401957511902 -0.31488466262817383 0.25052738189697266
v 0.545307993888855 -0.19820111989974976 0.05264958739280701
v 0.6472125053405762 0 0.3896126449108124
v 0.6039863228797913 0.1963403820991516 -0.06107640266418457
v 0.6214579343795776 -0.02847120352089405 -0.06315519660711288
v 0.5018312335014343 0.06425385177135468 -0.08722959458827972
v 0.6290596127510071 0.2789642810821533 -0.0011169351637363434
v 0.6039863228797913 0.1963403820991516 -0.06107640266418457
v 0.5913122296333313 0.22613076865673065 -0.31327900290489197
v 0.5913122296333313 0.22613076865673065 -0.31327900290489197
v 0.6039863228797913 0.1963403820991516 -0.06107640266418457
v 0.5018312335014343 0.06425385177135468 -0.08722959458827972
v 0.5913122296333313 0.22613076865673065 -0.31327900290489197
v 0.5018312335014343 0.06425385177135468 -0.08722959458827972
v 0.44553306698799133 0.17736056447029114 -0.3068877160549164
v 0.5586894750595093 0.6846281290054321 0
v 0.6290596127510071 0.2789642810821533 -0.0011169351637363434
v 0.5913122296333313 0.22613076865673065 -0.31327900290489197
v 0.21832279860973358 -0.5503698587417603 0.11917942017316818
v 0.5309956073760986 -0.6281791925430298 0.15945632755756378
v 0.5064518451690674 -0.7030551433563232 0.2517531216144562
v 0 -0.8586419224739075 0.1855228841304779
v 0.062374092638492584 -0.8306840658187866 0.18391333520412445
v 0.136016845703125 -0.8669074773788452 0.2898849546909332
v 0 -0.8586419224739075 0.1855228841304779
v 0.136016845703125 -0.8669074773788452 0.2898849546909332
v 0 -0.8829020857810974 0.3140735328197479
v 0.21832279860973358 -0.5503698587417603 0.11917942017316818
v 0.5064518451690674 -0.7030551433563232 0.2517531216144562
v 0.32541295886039734 -0.7716313600540161 0.3098861575126648
v 0.062374092638492584 -0.8306840658187866 0.18391333520412445
v 0.08008919656276703 -0.8517808318138123 0.040599238127470016
v 0.1046450287103653 -0.8059206008911133 0.0586090162396431
v 0.4894024431705475 -0.18225041031837463 -0.04380516707897186
v 0.5018312335014343 0.06425385177135468 -0.08722959458827972
v 0.5797973275184631 -0.048597030341625214 -0.08012811839580536
v 0.5135945081710815 -0.690640926361084 0.28909361362457275
v 0.539222002029419 -0.604026198387146 0.2088073194026947
v 0.483573853969574 -0.5087038278579712 0.1859739124774933
v 0.31731390953063965 -0.5357151627540588 -0.39161643385887146
v 0.3128660321235657 -0.5205976366996765 -0.46974408626556396
v 0.32683658599853516 -0.39881542325019836 -0.43271154165267944
v 0.31731390953063965 -0.5357151627540588 -0.39161643385887146
v 0.32683658599853516 -0.39881542325019836 -0.43271154165267944
v 0.3313891291618347 -0.3954268991947174 -0.3533238172531128
v 0.3325002193450928 -0.58376145362854 -0.28589868545532227
v 0.31731390953063965 -0.5357151627540588 -0.39161643385887146
v 0.3313891291618347 -0.3954268991947174 -0.3533238172531128
v 0.3325002193450928 -0.58376145362854 -0.28589868545532227
v 0.3313891291618347 -0.3954268991947174 -0.3533238172531128
v 0.32516372203826904 -0.3838006854057312 -0.22947990894317627
v 0.2782387435436249 -0.7320173382759094 -0.5011833310127258
v 0.3128660321235657 -0.5205976366996765 -0.46974408626556396
v 0.31731390953063965 -0.5357151627540588 -0.39161643385887146
v 0.2782387435436249 -0.7320173382759094 -0.5011833310127258
v 0.31731390953063965 -0.5357151627540588 -0.39161643385887146
v 0.2685399055480957 -0.7190528512001038 -0.4145025908946991
v 0.30260470509529114 -0.68381267786026 -0.24240607023239136
v 0.15551383793354034 -0.8720411658287048 -0.20904487371444702
v 0.15576717257499695 -0.8867290019989014 -0.4374130964279175
v 0.30260470509529114 -0.68381267786026 -0.24240607023239136
v 0.15576717257499695 -0.8867290019989014 -0.4374130964279175
v 0.2685399055480957 -0.7190528512001038 -0.4145025908946991
v 0.15551383793354034 -0.8720411658287048 -0.20904487371444702
v 0 -0.9527906775474548 -0.32481905817985535
v 0 -0.9668174982070923 -0.4352407455444336
v 0.15551383793354034 -0.8720411658287048 -0.20904487371444702
v 0 -0.9668174982070923 -0.4352407455444336
v 0.15576717257499695 -0.8867290019989014 -0.4374130964279175
v 0.5309956073760986 -0.6281791925430298 0.15945632755756378
v 0.21832279860973358 -0.5503698587417603 0.11917942017316818
v 0.5096012949943542 -0.6218186616897583 0.04120740294456482
v 0.15551383793354034 -0.8720411658287048 -0.20904487371444702
v 0 -0.9382539391517639 0.10634146630764008
v 0 -0.8317356705665588 -0.22128985822200775
v 0 -0.9770881533622742 -0.2317960560321808
v 0.15551383793354034 -0.8720411658287048 -0.20904487371444702
v 0 -0.8317356705665588 -0.22128985822200775
v 0.32541295886039734 -0.7716313600540161 0.3098861575126648
v 0.136016845703125 -0.8669074773788452 0.2898849546909332
v 0.13934734463691711 -0.781542956829071 0.24876737594604492
v 0.062374092638492584 -0.8306840658187866 0.18391333520412445
v 0.08483143150806427 -0.7307863831520081 0.0929797887802124
v 0.13934734463691711 -0.781542956829071 0.24876737594604492
v 0.32541295886039734 -0.7716313600540161 0.3098861575126648
v 0.13934734463691711 -0.781542956829071 0.24876737594604492
v 0.21832279860973358 -0.5503698587417603 0.11917942017316818
v 0.5096012949943542 -0.6218186616897583 0.04120740294456482
v 0.21832279860973358 -0.5503698587417603 0.11917942017316818
v 0.25563082098960876 -0.7700029015541077 -0.009007456712424755
v 0.5096012949943542 -0.6218186616897583 0.04120740294456482
v 0.25563082098960876 -0.7700029015541077 -0.009007456712424755
v 0.4413415193557739 -0.683474600315094 -0.00775712076574564
v 0.25563082098960876 -0.7700029015541077 -0.009007456712424755
v 0.227640762925148 -0.7760658860206604 -0.0739230215549469
v 0.4413415193557739 -0.683474600315094 -0.00775712076574564
v 0.30260470509529114 -0.68381267786026 -0.24240607023239136
v 0.227640762925148 -0.7760658860206604 -0.0739230215549469
v 0.15551383793354034 -0.8720411658287048 -0.20904487371444702
v 0.227640762925148 -0.7760658860206604 -0.0739230215549469
v 0.25563082098960876 -0.7700029015541077 -0.009007456712424755
v 0.08008919656276703 -0.8517808318138123 0.040599238127470016
v 0.4413415193557739 -0.683474600315094 -0.00775712076574564
v 0.227640762925148 -0.7760658860206604 -0.0739230215549469
v 0.30260470509529114 -0.68381267786026 -0.24240607023239136
v 0.4413415193557739 -0.683474600315094 -0.00775712076574564
v 0.30260470509529114 -0.68381267786026 -0.24240607023239136
v 0.46753567457199097 -0.5766875743865967 -0.2772824466228485
v 0.6039863228797913 0.1963403820991516 -0.06107640266418457
v 0.6290596127510071 0.2789642810821533 -0.0011169351637363434
v 0.6140332818031311 0.0000857485065353103 0.00011760303459595889
v 0.6039863228797913 0.1963403820991516 -0.06107640266418457
v 0.6140332818031311 0.0000857485065353103 0.00011760303459595889
v 0.6214579343795776 -0.02847120352089405 -0.06315519660711288
v 0.5310873985290527 -0.505061686038971 0.02491694688796997
v 0.5834563970565796 -0.5144122838973999 0.024461200460791588
v 0.5854290127754211 -0.41095679998397827 -0.0044302139431238174
v 0.5420517921447754 -0.27564001083374023 0.6711609363555908
v 0.49430230259895325 -0.510983943939209 0.5891904830932617
v 0.5242401957511902 -0.31488466262817383 0.25052738189697266
v 0.6102687120437622 -0.43457719683647156 -0.11513850092887878
v 0.6493425965309143 -0.3155733346939087 0.0018948353826999664
v 0.5834563970565796 -0.5144122838973999 0.024461200460791588
v 0.49430230259895325 -0.510983943939209 0.5891904830932617
v 0.47880974411964417 -0.6755752563476562 0.35267794132232666
v 0.483573853969574 -0.5087038278579712 0.1859739124774933
v 0.49430230259895325 -0.510983943939209 0.5891904830932617
v 0.483573853969574 -0.5087038278579712 0.1859739124774933
v 0.5242401957511902 -0.31488466262817383 0.25052738189697266
v 0.30260470509529114 -0.68381267786026 -0.24240607023239136
v 0.3325002193450928 -0.58376145362854 -0.28589868545532227
v 0.46753567457199097 -0.5766875743865967 -0.2772824466228485
v 0.6444723606109619 -0.18482469022274017 -0.0888858288526535
v 0.6102687120437622 -0.43457719683647156 -0.11513850092887878
v 0.5229066610336304 -0.45580390095710754 -0.08791719377040863
v 0.6444723606109619 -0.18482469022274017 -0.0888858288526535
v 0.5229066610336304 -0.45580390095710754 -0.08791719377040863
v 0.6074893474578857 -0.2165868878364563 -0.10858888179063797
v 0.5018312335014343 0.06425385177135468 -0.08722959458827972
v 0.4154966473579407 -0.12372078001499176 -0.12398910522460938
v 0.44553306698799133 0.17736056447029114 -0.3068877160549164
v 0.4261827766895294 -0.4619235396385193 0.0453726164996624
v 0.27390509843826294 -0.3236914575099945 -0.11818122118711472
v 0.34333884716033936 -0.311695396900177 -0.05395708978176117
v 0.4261827766895294 -0.4619235396385193 0.0453726164996624
v 0.5310873985290527 -0.505061686038971 0.02491694688796997
v 0.4224667549133301 -0.45684459805488586 -0.0835181325674057
v 0.5854290127754211 -0.41095679998397827 -0.0044302139431238174
v 0.6249778270721436 -0.22307604551315308 -0.006855853833258152
v 0.6074893474578857 -0.2165868878364563 -0.10858888179063797
v 0.5854290127754211 -0.41095679998397827 -0.0044302139431238174
v 0.6074893474578857 -0.2165868878364563 -0.10858888179063797
v 0.5229066610336304 -0.45580390095710754 -0.08791719377040863
v 0.5310873985290527 -0.505061686038971 0.02491694688796997
v 0.5854290127754211 -0.41095679998397827 -0.0044302139431238174
v 0.5229066610336304 -0.45580390095710754 -0.08791719377040863
v 0.5907865762710571 -0.008111715316772461 0.033317163586616516
v 0.545307993888855 -0.19820111989974976 0.05264958739280701
v 0.4894024431705475 -0.18225041031837463 -0.04380516707897186
v 0.5907865762710571 -0.008111715316772461 0.033317163586616516
v 0.4894024431705475 -0.18225041031837463 -0.04380516707897186
v 0.5797973275184631 -0.048597030341625214 -0.08012811839580536
v 0.6249778270721436 -0.22307604551315308 -0.006855853833258152
v 0.5907865762710571 -0.008111715316772461 0.033317163586616516
v 0.5797973275184631 -0.048597030341625214 -0.08012811839580536
v 0.6249778270721436 -0.22307604551315308 -0.006855853833258152
v 0.5797973275184631 -0.048597030341625214 -0.08012811839580536
v 0.6074893474578857 -0.2165868878364563 -0.10858888179063797
v 0.6712375283241272 -0.2007041573524475 0.0010062191868200898
v 0.6249778270721436 -0.22307604551315308 -0.006855853833258152
v 0.5854290127754211 -0.41095679998397827 -0.0044302139431238174
v 0.6712375283241272 -0.2007041573524475 0.0010062191868200898
v 0.5854290127754211 -0.41095679998397827 -0.0044302139431238174
v 0.6493425965309143 -0.3155733346939087 0.0018948353826999664
v 0.6140332818031311 0.0000857485065353103 0.00011760303459595889
v 0.5907865762710571 -0.008111715316772461 0.033317163586616516
v 0.6249778270721436 -0.22307604551315308 -0.006855853833258152
v 0.6140332818031311 0.0000857485065353103 0.00011760303459595889
v 0.6249778270721436 -0.22307604551315308 -0.006855853833258152
v 0.6712375283241272 -0.2007041573524475 0.0010062191868200898
v 0.545307993888855 -0.19820111989974976 0.05264958739280701
v 0.5907865762710571 -0.008111715316772461 0.033317163586616516
v 0.6472125053405762 0 0.3896126449108124
v 0.47880974411964417 -0.6755752563476562 0.35267794132232666
v 0.5135945081710815 -0.690640926361084 0.28909361362457275
v 0.483573853969574 -0.5087038278579712 0.1859739124774933
v 0.4224667549133301 -0.45684459805488586 -0.0835181325674057
v 0.32516372203826904 -0.3838006854057312 -0.22947990894317627
v 0.27390509843826294 -0.3236914575099945 -0.11818122118711472
v 0.13934734463691711 -0.781542956829071 0.24876737594604492
v 0.08483143150806427 -0.7307863831520081 0.0929797887802124
v 0.21832279860973358 -0.5503698587417603 0.11917942017316818
v 0.4224667549133301 -0.45684459805488586 -0.0835181325674057
v 0.5229066610336304 -0.45580390095710754 -0.08791719377040863
v 0.46753567457199097 -0.5766875743865967 -0.2772824466228485
v 0.4224667549133301 -0.45684459805488586 -0.0835181325674057
v 0.46753567457199097 -0.5766875743865967 -0.2772824466228485
v 0.3325002193450928 -0.58376145362854 -0.28589868545532227
v 0.15551383793354034 -0.8720411658287048 -0.20904487371444702
v 0.227640762925148 -0.7760658860206604 -0.0739230215549469
v 0.08008919656276703 -0.8517808318138123 0.040599238127470016
v 0.25563082098960876 -0.7700029015541077 -0.009007456712424755
v 0.21832279860973358 -0.5503698587417603 0.11917942017316818
v 0.08483143150806427 -0.7307863831520081 0.0929797887802124
v 0.25563082098960876 -0.7700029015541077 -0.009007456712424755
v 0.08483143150806427 -0.7307863831520081 0.0929797887802124
v 0.1046450287103653 -0.8059206008911133 0.0586090162396431
v 0.08008919656276703 -0.8517808318138123 0.040599238127470016
v 0.25563082098960876 -0.7700029015541077 -0.009007456712424755
v 0.1046450287103653 -0.8059206008911133 0.0586090162396431
v 0.08483143150806427 -0.7307863831520081 0.0929797887802124
v 0.062374092638492584 -0.8306840658187866 0.18391333520412445
v 0.1046450287103653 -0.8059206008911133 0.0586090162396431
v 0.6290596127510071 0.2789642810821533 -0.0011169351637363434
v 0.6796630620956421 0.33271530270576477 0.38849520683288574
v 0.6472125053405762 0 0.3896126449108124
v 0.6290596127510071 0.2789642810821533 -0.0011169351637363434
v 0.6472125053405762 0 0.3896126449108124
v 0.5907865762710571 -0.008111715316772461 0.033317163586616516
v 0.5242401957511902 -0.31488466262817383 0.25052738189697266
v 0.6472125053405762 0 0.3896126449108124
v 0.5420517921447754 -0.27564001083374023 0.6711609363555908
v 0.4894024431705475 -0.18225041031837463 -0.04380516707897186
v 0.34333884716033936 -0.311695396900177 -0.05395708978176117
v 0.4154966473579407 -0.12372078001499176 -0.12398910522460938
v 0.5018312335014343 0.06425385177135468 -0.08722959458827972
v 0.4894024431705475 -0.18225041031837463 -0.04380516707897186
v 0.4154966473579407 -0.12372078001499176 -0.12398910522460938
v 0.5834563970565796 -0.5144122838973999 0.024461200460791588
v 0.5310873985290527 -0.505061686038971 0.02491694688796997
v 0.483573853969574 -0.5087038278579712 0.1859739124774933
v 0.5834563970565796 -0.5144122838973999 0.024461200460791588
v 0.483573853969574 -0.5087038278579712 0.1859739124774933
v 0.539222002029419 -0.604026198387146 0.2088073194026947
v 0.32541295886039734 -0.7716313600540161 0.3098861575126648
v 0.5064518451690674 -0.7030551433563232 0.2517531216144562
v 0.5135945081710815 -0.690640926361084 0.28909361362457275
v 0.4224667549133301 -0.45684459805488586 -0.0835181325674057
v 0.5310873985290527 -0.505061686038971 0.02491694688796997
v 0.5229066610336304 -0.45580390095710754 -0.08791719377040863
v 0.5309956073760986 -0.6281791925430298 0.15945632755756378
v 0.5096012949943542 -0.6218186616897583 0.04120740294456482
v 0.5513340830802917 -0.5891851782798767 0.021726369857788086
v 0.5513340830802917 -0.5891851782798767 0.021726369857788086
v 0.5096012949943542 -0.6218186616897583 0.04120740294456482
v 0.4413415193557739 -0.683474600315094 -0.00775712076574564
v 0.46753567457199097 -0.5766875743865967 -0.2772824466228485
v 0.6102687120437622 -0.43457719683647156 -0.11513850092887878
v 0.5513340830802917 -0.5891851782798767 0.021726369857788086
v 0.46753567457199097 -0.5766875743865967 -0.2772824466228485
v 0.5513340830802917 -0.5891851782798767 0.021726369857788086
v 0.4413415193557739 -0.683474600315094 -0.00775712076574564
v 0.27390509843826294 -0.3236914575099945 -0.11818122118711472
v 0.4261827766895294 -0.4619235396385193 0.0453726164996624
v 0.4224667549133301 -0.45684459805488586 -0.0835181325674057
v 0.4261827766895294 -0.4619235396385193 0.0453726164996624
v 0.34333884716033936 -0.311695396900177 -0.05395708978176117
v 0.5242401957511902 -0.31488466262817383 0.25052738189697266
v 0.4261827766895294 -0.4619235396385193 0.0453726164996624
v 0.5242401957511902 -0.31488466262817383 0.25052738189697266
v 0.483573853969574 -0.5087038278579712 0.1859739124774933
v 0.4894024431705475 -0.18225041031837463 -0.04380516707897186
v 0.545307993888855 -0.19820111989974976 0.05264958739280701
v 0.34333884716033936 -0.311695396900177 -0.05395708978176117
v 0.34333884716033936 -0.311695396900177 -0.05395708978176117
v 0.545307993888855 -0.19820111989974976 0.05264958739280701
v 0.5242401957511902 -0.31488466262817383 0.25052738189697266
v 0.34333884716033936 -0.311695396900177 -0.05395708978176117
v 0.27390509843826294 -0.3236914575099945 -0.11818122118711472
v 0.4154966473579407 -0.12372078001499176 -0.12398910522460938
v 0.1969524621963501 -0.2537607252597809 -0.17673450708389282
v 0.4154966473579407 -0.12372078001499176 -0.12398910522460938
v 0.27390509843826294 -0.3236914575099945 -0.11818122118711472
v 0.32516372203826904 -0.3838006854057312 -0.22947990894317627
v 0.1969524621963501 -0.2537607252597809 -0.17673450708389282
v 0.27390509843826294 -0.3236914575099945 -0.11818122118711472
v 0.4154966473579407 -0.12372078001499176 -0.12398910522460938
v 0.1969524621963501 -0.2537607252597809 -0.17673450708389282
v 0.296629399061203 0.17504778504371643 -0.30045121908187866
v 0.4154966473579407 -0.12372078001499176 -0.12398910522460938
v 0.296629399061203 0.17504778504371643 -0.30045121908187866
v 0.44553306698799133 0.17736056447029114 -0.3068877160549164
v 0.32516372203826904 -0.3838006854057312 -0.22947990894317627
v 0.3313891291618347 -0.3954268991947174 -0.3533238172531128
v 0.1969524621963501 -0.2537607252597809 -0.17673450708389282
v 0.24009229242801666 -0.39609992504119873 -0.347070574760437
v 0.1969524621963501 -0.2537607252597809 -0.17673450708389282
v 0.3313891291618347 -0.3954268991947174 -0.3533238172531128
v 0.2617819905281067 -0.39881542325019836 -0.43271154165267944
v 0.24009229242801666 -0.39609992504119873 -0.347070574760437
v 0.3313891291618347 -0.3954268991947174 -0.3533238172531128
v 0.2617819905281067 -0.39881542325019836 -0.43271154165267944
v 0.3313891291618347 -0.3954268991947174 -0.3533238172531128
v 0.32683658599853516 -0.39881542325019836 -0.43271154165267944
v 0.19607627391815186 -0.8614184260368347 0.4109034538269043
v 0.136016845703125 -0.8669074773788452 0.2898849546909332
v 0.32541295886039734 -0.7716313600540161 0.3098861575126648
v 0.47880974411964417 -0.6755752563476562 0.35267794132232666
v 0.19607627391815186 -0.8614184260368347 0.4109034538269043
v 0.32541295886039734 -0.7716313600540161 0.3098861575126648
v 0.49430230259895325 -0.510983943939209 0.5891904830932617
v 0.3770659565925598 -0.5783366560935974 0.710647463798523
v 0.47880974411964417 -0.6755752563476562 0.35267794132232666
v 0.2782387435436249 -0.7320173382759094 -0.5011833310127258
v 0.1613539606332779 -0.8941820859909058 -0.5243310928344727
v 0.12800364196300507 -0.8664953112602234 -0.5162519812583923
v 0.2782387435436249 -0.7320173382759094 -0.5011833310127258
v 0.12800364196300507 -0.8664953112602234 -0.5162519812583923
v 0.22727307677268982 -0.7115769982337952 -0.49628013372421265
v 0.1613539606332779 -0.8941820859909058 -0.5243310928344727
v 0 -0.9584779143333435 -0.5259779691696167
v 0 -0.9020387530326843 -0.5248258709907532
v 0.1613539606332779 -0.8941820859909058 -0.5243310928344727
v 0 -0.9020387530326843 -0.5248258709907532
v 0.12800364196300507 -0.8664953112602234 -0.5162519812583923
v 0.32683658599853516 -0.39881542325019836 -0.43271154165267944
v 0.3128660321235657 -0.5205976366996765 -0.46974408626556396
v 0.2550049424171448 -0.5012481212615967 -0.4618096947669983
v 0.32683658599853516 -0.39881542325019836 -0.43271154165267944
v 0.2550049424171448 -0.5012481212615967 -0.4618096947669983
v 0.2617819905281067 -0.39881542325019836 -0.43271154165267944
v 0.3128660321235657 -0.5205976366996765 -0.46974408626556396
v 0.2782387435436249 -0.7320173382759094 -0.5011833310127258
v 0.22727307677268982 -0.7115769982337952 -0.49628013372421265
v 0.3128660321235657 -0.5205976366996765 -0.46974408626556396
v 0.22727307677268982 -0.7115769982337952 -0.49628013372421265
v 0.2550049424171448 -0.5012481212615967 -0.4618096947669983
v 0.2550049424171448 -0.5012481212615967 -0.4618096947669983
v 0.22727307677268982 -0.7115769982337952 -0.49628013372421265
v 0.22727307677268982 -0.7115769982337952 -0.4058576822280884
v 0.2550049424171448 -0.5012481212615967 -0.4618096947669983
v 0.22727307677268982 -0.7115769982337952 -0.4058576822280884
v 0.2550049424171448 -0.5012481212615967 -0.371387243270874
v 0.12800364196300507 -0.8664953112602234 -0.5162519812583923
v 0 -0.9020387530326843 -0.5248258709907532
v 0 -0.9020387530326843 -0.4344034194946289
v 0.12800364196300507 -0.8664953112602234 -0.5162519812583923
v 0 -0.9020387530326843 -0.4344034194946289
v 0.12800364196300507 -0.8664953112602234 -0.42582952976226807
v 0.22727307677268982 -0.7115769982337952 -0.49628013372421265
v 0.12800364196300507 -0.8664953112602234 -0.5162519812583923
v 0.12800364196300507 -0.8664953112602234 -0.42582952976226807
v 0.22727307677268982 -0.7115769982337952 -0.49628013372421265
v 0.12800364196300507 -0.8664953112602234 -0.42582952976226807
v 0.22727307677268982 -0.7115769982337952 -0.4058576822280884
v 0.2617819905281067 -0.39881542325019836 -0.43271154165267944
v 0.2550049424171448 -0.5012481212615967 -0.4618096947669983
v 0.2550049424171448 -0.5012481212615967 -0.371387243270874
v 0.2617819905281067 -0.39881542325019836 -0.43271154165267944
v 0.2550049424171448 -0.5012481212615967 -0.371387243270874
v 0.24009229242801666 -0.39609992504119873 -0.347070574760437
v 0.24009229242801666 -0.39609992504119873 -0.347070574760437
v 0.2550049424171448 -0.5012481212615967 -0.371387243270874
v 0.17349576950073242 -0.46909475326538086 -0.24661152064800262
v 0.12800364196300507 -0.8664953112602234 -0.42582952976226807
v 0 -0.9020387530326843 -0.4344034194946289
v 0 -0.838356077671051 -0.3349670171737671
v 0.12800364196300507 -0.8664953112602234 -0.42582952976226807
v 0 -0.838356077671051 -0.3349670171737671
v 0.07612749189138412 -0.8094062805175781 -0.32798367738723755
v 0.2550049424171448 -0.5012481212615967 -0.371387243270874
v 0.22727307677268982 -0.7115769982337952 -0.4058576822280884
v 0.1394348442554474 -0.6832267642021179 -0.31171679496765137
v 0.2550049424171448 -0.5012481212615967 -0.371387243270874
v 0.1394348442554474 -0.6832267642021179 -0.31171679496765137
v 0.17349576950073242 -0.46909475326538086 -0.24661152064800262
v 0.22727307677268982 -0.7115769982337952 -0.4058576822280884
v 0.12800364196300507 -0.8664953112602234 -0.42582952976226807
v 0.07612749189138412 -0.8094062805175781 -0.32798367738723755
v 0.22727307677268982 -0.7115769982337952 -0.4058576822280884
v 0.07612749189138412 -0.8094062805175781 -0.32798367738723755
v 0.1394348442554474 -0.6832267642021179 -0.31171679496765137
v 0.17349576950073242 -0.46909475326538086 -0.24661152064800262
v 0.1394348442554474 -0.6832267642021179 -0.31171679496765137
v 0 -0.6783310770988464 -0.2366723120212555
v 0.17349576950073242 -0.46909475326538086 -0.24661152064800262
v 0 -0.6783310770988464 -0.2366723120212555
v 0 -0.46417874097824097 -0.2062409520149231
v 0.1394348442554474 -0.6832267642021179 -0.31171679496765137
v 0.07612749189138412 -0.8094062805175781 -0.32798367738723755
v 0 -0.6783310770988464 -0.2366723120212555
v 0.07612749189138412 -0.8094062805175781 -0.32798367738723755
v 0 -0.838356077671051 -0.3349670171737671
v 0 -0.6783310770988464 -0.2366723120212555
v 0.24009229242801666 -0.39609992504119873 -0.347070574760437
v 0.17349576950073242 -0.46909475326538086 -0.24661152064800262
v 0.1969524621963501 -0.2537607252597809 -0.17673450708389282
v 0.1969524621963501 -0.2537607252597809 -0.17673450708389282
v 0.17349576950073242 -0.46909475326538086 -0.24661152064800262
v 0 -0.46417874097824097 -0.2062409520149231
v 0.1969524621963501 -0.2537607252597809 -0.17673450708389282
v 0 -0.46417874097824097 -0.2062409520149231
v 0 -0.25622671842575073 -0.155731201171875
v 0.539222002029419 -0.604026198387146 0.2088073194026947
v 0.5135945081710815 -0.690640926361084 0.28909361362457275
v 0.5064518451690674 -0.7030551433563232 0.2517531216144562
v 0.539222002029419 -0.604026198387146 0.2088073194026947
v 0.5064518451690674 -0.7030551433563232 0.2517531216144562
v 0.5309956073760986 -0.6281791925430298 0.15945632755756378
v 0.19607627391815186 -0.8614184260368347 0.4109034538269043
v 0.47880974411964417 -0.6755752563476562 0.35267794132232666
v 0.3770659565925598 -0.5783366560935974 0.710647463798523
v 0.17888203263282776 -0.6250176429748535 0.7881761193275452
v 0.19607627391815186 -0.8614184260368347 0.4109034538269043
v 0.3770659565925598 -0.5783366560935974 0.710647463798523
vn 0.404195437575242 0.8923490137367358 0.2008464237332431
vn 0.413871866089263 0.65915522051894 0.6278729757860412
vn 0.7720824302120747 0.4766536245167849 0.42034514769749476
vn 0.404195437575242 0.8923490137367358 0.2008464237332431
vn 0.7720824302120747 0.4766536245167849 0.42034514769749476
vn 0.809704572811901 0.5833742576570572 0.06366302121777194
vn 0.39833710052202925 0.8711410860301363 -0.28712499469383973
vn 0.7852237494516258 0.5381723606373798 -0.30625834444651523
vn 0.3802045209538203 0.4350469876327924 -0.8161976726246584
vn 0.39833710052202925 0.8711410860301363 -0.28712499469383973
vn 0.3802045209538203 0.4350469876327924 -0.8161976726246584
vn 0.3622081174100901 0.5339121066757365 -0.7640308514892022
vn 0.7852237494516258 0.5381723606373798 -0.30625834444651523
vn 0.6283867617939226 -0.21448772538847916 -0.7477466771974479
vn 0.3802045209538203 0.4350469876327924 -0.8161976726246584
vn 0.9987314258708221 0.049623753454427155 0.00854529526284399
vn 0.809704572811901 0.5833742576570572 0.06366302121777194
vn 0.7720824302120747 0.4766536245167849 0.42034514769749476
vn 0.9987314258708221 0.049623753454427155 0.00854529526284399
vn 0.7720824302120747 0.4766536245167849 0.42034514769749476
vn 0.8375594818420253 0.1446593736811536 0.5268470176272182
vn 0.22468560915317176 0.8529324554818816 0.47119274551410106
vn 0.7628610823668229 0.6078229146131892 -0.22044108845958638
vn 0.9349416972847426 0.35087397253365155 0.05264482953508934
vn 0.25239144702531907 -0.32957379634735723 -0.9097690202626468
vn 0.3622081174100901 0.5339121066757365 -0.7640308514892022
vn 0.3802045209538203 0.4350469876327924 -0.8161976726246584
vn 0.25239144702531907 -0.32957379634735723 -0.9097690202626468
vn 0.3802045209538203 0.4350469876327924 -0.8161976726246584
vn 0.6283867617939226 -0.21448772538847916 -0.7477466771974479
vn 0.4239081136426641 0.26759007523219935 0.8652730568006518
vn 0.8375594818420253 0.1446593736811536 0.5268470176272182
vn 0.7720824302120747 0.4766536245167849 0.42034514769749476
vn 0.4239081136426641 0.26759007523219935 0.8652730568006518
vn 0.7720824302120747 0.4766536245167849 0.42034514769749476
vn 0.413871866089263 0.65915522051894 0.6278729757860412
vn 0.4559520631855815 -0.2878540660134368 0.8421684824050015
vn 0.5745539778272762 -0.5423868438622309 0.612947174043589
vn 0.878435624693441 -0.35396227763126714 0.32103202220889043
vn 0.4559520631855815 -0.2878540660134368 0.8421684824050015
vn 0.878435624693441 -0.35396227763126714 0.32103202220889043
vn 0.8635669788961675 -0.2724740565415631 0.4242758082567651
vn 0.43557578584972295 -0.06338921972160393 0.8979173356186428
vn 0.4559520631855815 -0.2878540660134368 0.8421684824050015
vn 0.8635669788961675 -0.2724740565415631 0.4242758082567651
vn 0.43557578584972295 -0.06338921972160393 0.8979173356186428
vn 0.8635669788961675 -0.2724740565415631 0.4242758082567651
vn 0.8425419541003594 -0.1255252392644827 0.5238000285302992
vn 0.11420300013976765 0.08301233275641264 -0.9899831449925878
vn -0.12091706766338084 0.007141492398372241 -0.992636923469006
vn -0.07165974947275099 -0.2061591097636642 -0.9758910296580022
vn 0.11420300013976765 0.08301233275641264 -0.9899831449925878
vn -0.07165974947275099 -0.2061591097636642 -0.9758910296580022
vn 0.032747242098978724 -0.25205915780875016 -0.9671575875211105
vn 0.9791187484130818 -0.20328875791635515 -0.000396750332068228
vn 0.8425419541003594 -0.1255252392644827 0.5238000285302992
vn 0.8635669788961675 -0.2724740565415631 0.4242758082567651
vn 0.43557578584972295 -0.06338921972160393 0.8979173356186428
vn 0.8425419541003594 -0.1255252392644827 0.5238000285302992
vn 0.8375594818420253 0.1446593736811536 0.5268470176272182
vn 0.43557578584972295 -0.06338921972160393 0.8979173356186428
vn 0.8375594818420253 0.1446593736811536 0.5268470176272182
vn 0.4239081136426641 0.26759007523219935 0.8652730568006518
vn 0.9791187484130818 -0.20328875791635515 -0.000396750332068228
vn 0.9987314258708221 0.049623753454427155 0.00854529526284399
vn 0.8375594818420253 0.1446593736811536 0.5268470176272182
vn 0.9791187484130818 -0.20328875791635515 -0.000396750332068228
vn 0.8375594818420253 0.1446593736811536 0.5268470176272182
vn 0.8425419541003594 -0.1255252392644827 0.5238000285302992
vn 0.9987314258708221 0.049623753454427155 0.00854529526284399
vn 0.9921745010189671 0.02459835884067099 -0.12241192862670364
vn 0.7852237494516258 0.5381723606373798 -0.30625834444651523
vn 0.9987314258708221 0.049623753454427155 0.00854529526284399
vn 0.7852237494516258 0.5381723606373798 -0.30625834444651523
vn 0.809704572811901 0.5833742576570572 0.06366302121777194
vn 0.39833710052202925 0.8711410860301363 -0.28712499469383973
vn 0.404195437575242 0.8923490137367358 0.2008464237332431
vn 0.809704572811901 0.5833742576570572 0.06366302121777194
vn 0.39833710052202925 0.8711410860301363 -0.28712499469383973
vn 0.809704572811901 0.5833742576570572 0.06366302121777194
vn 0.7852237494516258 0.5381723606373798 -0.30625834444651523
vn 0.4559520631855815 -0.2878540660134368 0.8421684824050015
vn 0.28001709569826977 -0.637401315015264 0.7178509523107971
vn 0.5745539778272762 -0.5423868438622309 0.612947174043589
vn 0.04635813010148366 0.1882402567560418 -0.9810283020942431
vn 0.22904491942844388 0.5913967027971284 -0.77316774687302
vn 0.3622081174100901 0.5339121066757365 -0.7640308514892022
vn 0.04635813010148366 0.1882402567560418 -0.9810283020942431
vn 0.3622081174100901 0.5339121066757365 -0.7640308514892022
vn 0.3150832545377661 0.18507019282667944 -0.9308445447210747
vn 0.8496339715012715 -0.37496327811397895 0.3708431670356023
vn 0.8158114411515628 -0.4964574424932778 0.2966170937070956
vn 0.3894553087892678 -0.8217900754756342 -0.41591541724923753
vn 0.39833710052202925 0.8711410860301363 -0.28712499469383973
vn 0.3622081174100901 0.5339121066757365 -0.7640308514892022
vn 0.22904491942844388 0.5913967027971284 -0.77316774687302
vn 0.8491726149587115 0.5046387096051099 -0.1557101241803923
vn 0.46111142680681805 0.8667393967187332 -0.19010278862717103
vn 0.8130002880669093 -0.060305887224207544 -0.5791318775281014
vn 0.8616507364462904 0.026032944280253885 0.5068335961572262
vn 0.7147952511688759 -0.10867964609356945 0.6908375231784969
vn 0.7027767727286658 -0.10471303508652409 -0.7036618420776058
vn 0.8616507364462904 0.026032944280253885 0.5068335961572262
vn 0.7027767727286658 -0.10471303508652409 -0.7036618420776058
vn 0.7294286589272417 0.12482169166359498 -0.6725722093766914
vn 0.7027767727286658 -0.10471303508652409 -0.7036618420776058
vn 0.9100563959739962 -0.012360335107032548 0.4143001065204581
vn 0.801678559626677 -0.5900584177402757 -0.09561668624638127
vn 0.7523293727796914 0.1715790695513811 -0.6360512068574342
vn 0.056644096076768305 -0.13654402275042976 -0.9890132335973951
vn 0.5940288844426919 -0.3285409447031082 -0.734295943132849
vn 0.7027767727286658 -0.10471303508652409 -0.7036618420776058
vn 0.5074479501350309 -0.006561695496461989 -0.8616574273201428
vn -0.4285250933566955 0.8789021421980724 -0.20951675065081288
vn 0.6341641786854763 -0.7706778214719149 0.062381807952949994
vn 0.425280708538969 -0.9040610509219116 0.04254333262171101
vn 0.3492015053156416 -0.7016380524957682 -0.6210976992190805
vn 0.6341641786854763 -0.7706778214719149 0.062381807952949994
vn 0.3492015053156416 -0.7016380524957682 -0.6210976992190805
vn 0.4964218646010041 -0.5435431501419108 -0.6768501874712533
vn 0.7523293727796914 0.1715790695513811 -0.6360512068574342
vn 0.7294286589272417 0.12482169166359498 -0.6725722093766914
vn -0.7052662288138575 0.10944153802610117 -0.7004442135167948
vn 0.7523293727796914 0.1715790695513811 -0.6360512068574342
vn -0.7052662288138575 0.10944153802610117 -0.7004442135167948
vn 0.056644096076768305 -0.13654402275042976 -0.9890132335973951
vn 0.6171871128582759 -0.7491821288431866 0.24042921108645846
vn 0.7183282696337039 -0.6175236465517928 0.32042010391738074
vn 0.6901422736920335 -0.7087288480660664 -0.14631152375030762
vn 0.6171871128582759 -0.7491821288431866 0.24042921108645846
vn 0.6901422736920335 -0.7087288480660664 -0.14631152375030762
vn 0.4872401692683489 -0.872057629770019 0.04596202575221312
vn 0.9025695204681577 -0.4305013077014558 0.006073284878566223
vn 0.6341641786854763 -0.7706778214719149 0.062381807952949994
vn 0.4964218646010041 -0.5435431501419108 -0.6768501874712533
vn 0.9025695204681577 -0.4305013077014558 0.006073284878566223
vn 0.4964218646010041 -0.5435431501419108 -0.6768501874712533
vn 0.7089063399091606 -0.23460317730797453 -0.6651414514474351
vn 0.47546295051604237 -0.7884401798442463 0.3902525662872088
vn 0.48611280132051193 -0.8736784424007914 -0.019501889048278903
vn 0.5345424723097442 -0.8348810821130159 0.13129327487265285
vn 0.2632575909897584 0.9331514171015713 0.24479353248727423
vn 0.29680215019974376 0.7022842459042601 0.6470744328062216
vn 0.413871866089263 0.65915522051894 0.6278729757860412
vn 0.2632575909897584 0.9331514171015713 0.24479353248727423
vn 0.413871866089263 0.65915522051894 0.6278729757860412
vn 0.404195437575242 0.8923490137367358 0.2008464237332431
vn 0.2259344127734461 0.9225069734090496 -0.31294492348717373
vn 0.39833710052202925 0.8711410860301363 -0.28712499469383973
vn 0.22904491942844388 0.5913967027971284 -0.77316774687302
vn 0.2259344127734461 0.9225069734090496 -0.31294492348717373
vn 0.22904491942844388 0.5913967027971284 -0.77316774687302
vn 0.11499585245580501 0.6302493233407702 -0.7678292416588888
vn 0.1272658632899929 -0.9913309245384827 0.032655751326982646
vn 0.32539992952538094 -0.9196165042390817 0.22004629284759156
vn 0.28001709569826977 -0.637401315015264 0.7178509523107971
vn 0.1272658632899929 -0.9913309245384827 0.032655751326982646
vn 0.28001709569826977 -0.637401315015264 0.7178509523107971
vn 0.17060179267507322 -0.6850623786957896 0.7082263519749304
vn 0.04635813010148366 0.1882402567560418 -0.9810283020942431
vn 0.11499585245580501 0.6302493233407702 -0.7678292416588888
vn 0.22904491942844388 0.5913967027971284 -0.77316774687302
vn 0.27683889978206283 0.31260731943136355 0.9086456335697621
vn 0.4239081136426641 0.26759007523219935 0.8652730568006518
vn 0.413871866089263 0.65915522051894 0.6278729757860412
vn 0.27683889978206283 0.31260731943136355 0.9086456335697621
vn 0.413871866089263 0.65915522051894 0.6278729757860412
vn 0.29680215019974376 0.7022842459042601 0.6470744328062216
vn 0.2700041808682307 -0.302202043471123 0.9142054841421339
vn 0.17060179267507322 -0.6850623786957896 0.7082263519749304
vn 0.28001709569826977 -0.637401315015264 0.7178509523107971
vn 0.2700041808682307 -0.302202043471123 0.9142054841421339
vn 0.28001709569826977 -0.637401315015264 0.7178509523107971
vn 0.4559520631855815 -0.2878540660134368 0.8421684824050015
vn 0.2704330191343591 -0.04132336082592576 0.9618515280498992
vn 0.2700041808682307 -0.302202043471123 0.9142054841421339
vn 0.4559520631855815 -0.2878540660134368 0.8421684824050015
vn 0.2704330191343591 -0.04132336082592576 0.9618515280498992
vn 0.4559520631855815 -0.2878540660134368 0.8421684824050015
vn 0.43557578584972295 -0.06338921972160393 0.8979173356186428
vn 0.2704330191343591 -0.04132336082592576 0.9618515280498992
vn 0.43557578584972295 -0.06338921972160393 0.8979173356186428
vn 0.4239081136426641 0.26759007523219935 0.8652730568006518
vn 0.2704330191343591 -0.04132336082592576 0.9618515280498992
vn 0.4239081136426641 0.26759007523219935 0.8652730568006518
vn 0.27683889978206283 0.31260731943136355 0.9086456335697621
vn 0.1272658632899929 -0.9913309245384827 0.032655751326982646
vn 0.35316242759527794 -0.8496406906935552 -0.39164651977617343
vn 0.32539992952538094 -0.9196165042390817 0.22004629284759156
vn 0.2259344127734461 0.9225069734090496 -0.31294492348717373
vn 0.2632575909897584 0.9331514171015713 0.24479353248727423
vn 0.404195437575242 0.8923490137367358 0.2008464237332431
vn 0.2259344127734461 0.9225069734090496 -0.31294492348717373
vn 0.404195437575242 0.8923490137367358 0.2008464237332431
vn 0.39833710052202925 0.8711410860301363 -0.28712499469383973
vn 0.3150832545377661 0.18507019282667944 -0.9308445447210747
vn 0.032747242098978724 -0.25205915780875016 -0.9671575875211105
vn -0.07165974947275099 -0.2061591097636642 -0.9758910296580022
vn 0.3150832545377661 0.18507019282667944 -0.9308445447210747
vn -0.07165974947275099 -0.2061591097636642 -0.9758910296580022
vn 0.04635813010148366 0.1882402567560418 -0.9810283020942431
vn 0.3150832545377661 0.18507019282667944 -0.9308445447210747
vn 0.25239144702531907 -0.32957379634735723 -0.9097690202626468
vn 0.032747242098978724 -0.25205915780875016 -0.9671575875211105
vn 0.3150832545377661 0.18507019282667944 -0.9308445447210747
vn 0.3622081174100901 0.5339121066757365 -0.7640308514892022
vn 0.25239144702531907 -0.32957379634735723 -0.9097690202626468
vn 0.9100563959739962 -0.012360335107032548 0.4143001065204581
vn 0.7147952511688759 -0.10867964609356945 0.6908375231784969
vn -0.6625814615193472 0.3311686604439066 0.6717984260108641
vn 0.35316242759527794 -0.8496406906935552 -0.39164651977617343
vn 0.6901422736920335 -0.7087288480660664 -0.14631152375030762
vn 0.548825883932353 -0.478296151731937 -0.6855821908161642
vn 0.7183282696337039 -0.6175236465517928 0.32042010391738074
vn 0.6171871128582759 -0.7491821288431866 0.24042921108645846
vn 0.5345424723097442 -0.8348810821130159 0.13129327487265285
vn 0.5845300461824019 -0.7843989008491562 -0.20746804442283293
vn 0.801678559626677 -0.5900584177402757 -0.09561668624638127
vn 0.9100563959739962 -0.012360335107032548 0.4143001065204581
vn 0.5845300461824019 -0.7843989008491562 -0.20746804442283293
vn 0.9100563959739962 -0.012360335107032548 0.4143001065204581
vn 0.9043942007617958 0.18134272220602493 0.3862459666214535
vn 0.9025695204681577 -0.4305013077014558 0.006073284878566223
vn 0.9887038666681649 -0.13806940058433886 -0.05832241985464144
vn 0.8130002880669093 -0.060305887224207544 -0.5791318775281014
vn 0.9025695204681577 -0.4305013077014558 0.006073284878566223
vn 0.8130002880669093 -0.060305887224207544 -0.5791318775281014
vn 0.708929447027386 -0.6593053000707554 -0.25047067779693466
vn 0.9294186421588848 0.03173952037517291 0.36765961221473425
vn 0.8616507364462904 0.026032944280253885 0.5068335961572262
vn 0.7294286589272417 0.12482169166359498 -0.6725722093766914
vn 0.9294186421588848 0.03173952037517291 0.36765961221473425
vn 0.7294286589272417 0.12482169166359498 -0.6725722093766914
vn 0.7523293727796914 0.1715790695513811 -0.6360512068574342
vn 0.9294186421588848 0.03173952037517291 0.36765961221473425
vn 0.9921745010189671 0.02459835884067099 -0.12241192862670364
vn 0.9165607868123846 -0.2669843313314821 0.29771746825025897
vn 0.9483048821771917 -0.26887763569989914 -0.16859023536176412
vn 0.8251192076867757 -0.4983187914259256 -0.2661891718649581
vn 0.9791187484130818 -0.20328875791635515 -0.000396750332068228
vn 0.9476361882155535 -0.22016191509005692 -0.23133176592974564
vn 0.7523293727796914 0.1715790695513811 -0.6360512068574342
vn 0.5940288844426919 -0.3285409447031082 -0.734295943132849
vn 0.9921745010189671 0.02459835884067099 -0.12241192862670364
vn 0.9476361882155535 -0.22016191509005692 -0.23133176592974564
vn 0.6283867617939226 -0.21448772538847916 -0.7477466771974479
vn 0.6283867617939226 -0.21448772538847916 -0.7477466771974479
vn 0.9476361882155535 -0.22016191509005692 -0.23133176592974564
vn 0.5940288844426919 -0.3285409447031082 -0.734295943132849
vn 0.6283867617939226 -0.21448772538847916 -0.7477466771974479
vn 0.5940288844426919 -0.3285409447031082 -0.734295943132849
vn 0.25239144702531907 -0.32957379634735723 -0.9097690202626468
vn 0.7852237494516258 0.5381723606373798 -0.30625834444651523
vn 0.9921745010189671 0.02459835884067099 -0.12241192862670364
vn 0.6283867617939226 -0.21448772538847916 -0.7477466771974479
vn 0.37453519988470063 -0.9265106839856267 0.03607404202211805
vn 0.5845300461824019 -0.7843989008491562 -0.20746804442283293
vn 0.5384143396378667 -0.7947119783299451 -0.2802550095381434
vn 0.4872401692683489 -0.872057629770019 0.04596202575221312
vn 0.6901422736920335 -0.7087288480660664 -0.14631152375030762
vn 0.35316242759527794 -0.8496406906935552 -0.39164651977617343
vn 0.4872401692683489 -0.872057629770019 0.04596202575221312
vn 0.35316242759527794 -0.8496406906935552 -0.39164651977617343
vn 0.1272658632899929 -0.9913309245384827 0.032655751326982646
vn 0.37453519988470063 -0.9265106839856267 0.03607404202211805
vn 0.5384143396378667 -0.7947119783299451 -0.2802550095381434
vn 0.3894553087892678 -0.8217900754756342 -0.41591541724923753
vn 0.6901422736920335 -0.7087288480660664 -0.14631152375030762
vn 0.7183282696337039 -0.6175236465517928 0.32042010391738074
vn 0.6996255382900871 -0.37196984174126924 0.610051262606087
vn 0.6427294358812297 -0.47203684974414617 -0.6033904910880006
vn 0.5940288844426919 -0.3285409447031082 -0.734295943132849
vn 0.056644096076768305 -0.13654402275042976 -0.9890132335973951
vn 0.8496339715012715 -0.37496327811397895 0.3708431670356023
vn 0.9043942007617958 0.18134272220602493 0.3862459666214535
vn 0.9349416972847426 0.35087397253365155 0.05264482953508934
vn 0.9887038666681649 -0.13806940058433886 -0.05832241985464144
vn 0.6796556180823895 0.05063083444285225 -0.7317819070000744
vn 0.6055983493585847 0.6078262518403854 -0.5136125843744735
vn 0.9887038666681649 -0.13806940058433886 -0.05832241985464144
vn 0.6055983493585847 0.6078262518403854 -0.5136125843744735
vn 0.7854921050749746 0.5889512768336796 -0.1901014107808343
vn 0.8130002880669093 -0.060305887224207544 -0.5791318775281014
vn 0.9887038666681649 -0.13806940058433886 -0.05832241985464144
vn 0.7854921050749746 0.5889512768336796 -0.1901014107808343
vn 0.8130002880669093 -0.060305887224207544 -0.5791318775281014
vn 0.7854921050749746 0.5889512768336796 -0.1901014107808343
vn 0.8491726149587115 0.5046387096051099 -0.1557101241803923
vn 0.7089063399091606 -0.23460317730797453 -0.6651414514474351
vn 0.6796556180823895 0.05063083444285225 -0.7317819070000744
vn 0.9887038666681649 -0.13806940058433886 -0.05832241985464144
vn 0.7089063399091606 -0.23460317730797453 -0.6651414514474351
vn 0.9887038666681649 -0.13806940058433886 -0.05832241985464144
vn 0.9025695204681577 -0.4305013077014558 0.006073284878566223
vn 0.708929447027386 -0.6593053000707554 -0.25047067779693466
vn 0.5345424723097442 -0.8348810821130159 0.13129327487265285
vn 0.6341641786854763 -0.7706778214719149 0.062381807952949994
vn 0.708929447027386 -0.6593053000707554 -0.25047067779693466
vn 0.6341641786854763 -0.7706778214719149 0.062381807952949994
vn 0.9025695204681577 -0.4305013077014558 0.006073284878566223
vn 0.5345424723097442 -0.8348810821130159 0.13129327487265285
vn 0.48611280132051193 -0.8736784424007914 -0.019501889048278903
vn 0.425280708538969 -0.9040610509219116 0.04254333262171101
vn 0.5345424723097442 -0.8348810821130159 0.13129327487265285
vn 0.425280708538969 -0.9040610509219116 0.04254333262171101
vn 0.6341641786854763 -0.7706778214719149 0.062381807952949994
vn 0.5845300461824019 -0.7843989008491562 -0.20746804442283293
vn 0.37453519988470063 -0.9265106839856267 0.03607404202211805
vn 0.3921089420129784 -0.9071486382589494 0.15274791552880995
vn 0.5345424723097442 -0.8348810821130159 0.13129327487265285
vn 0.6171871128582759 -0.7491821288431866 0.24042921108645846
vn -0.2529121663174972 -0.8198663676073757 0.51366776752574
vn 0.47546295051604237 -0.7884401798442463 0.3902525662872088
vn 0.5345424723097442 -0.8348810821130159 0.13129327487265285
vn -0.2529121663174972 -0.8198663676073757 0.51366776752574
vn 0.3894553087892678 -0.8217900754756342 -0.41591541724923753
vn 0.35316242759527794 -0.8496406906935552 -0.39164651977617343
vn 0.548825883932353 -0.478296151731937 -0.6855821908161642
vn 0.6901422736920335 -0.7087288480660664 -0.14631152375030762
vn 0.8560812142119862 -0.4164892571977118 0.3060419143062421
vn 0.548825883932353 -0.478296151731937 -0.6855821908161642
vn 0.3894553087892678 -0.8217900754756342 -0.41591541724923753
vn 0.548825883932353 -0.478296151731937 -0.6855821908161642
vn 0.37453519988470063 -0.9265106839856267 0.03607404202211805
vn 0.3921089420129784 -0.9071486382589494 0.15274791552880995
vn 0.37453519988470063 -0.9265106839856267 0.03607404202211805
vn 0.4211945428116433 -0.8164478317299441 0.39497860090030656
vn 0.3921089420129784 -0.9071486382589494 0.15274791552880995
vn 0.4211945428116433 -0.8164478317299441 0.39497860090030656
vn 0.4740286456600482 -0.8351657438914059 0.27891759235303765
vn 0.4211945428116433 -0.8164478317299441 0.39497860090030656
vn 0.5591132615600329 -0.8285680375844711 -0.02945110933599503
vn 0.4740286456600482 -0.8351657438914059 0.27891759235303765
vn 0.708929447027386 -0.6593053000707554 -0.25047067779693466
vn 0.5591132615600329 -0.8285680375844711 -0.02945110933599503
vn 0.5345424723097442 -0.8348810821130159 0.13129327487265285
vn 0.5591132615600329 -0.8285680375844711 -0.02945110933599503
vn 0.4211945428116433 -0.8164478317299441 0.39497860090030656
vn 0.7183282696337039 -0.6175236465517928 0.32042010391738074
vn 0.4740286456600482 -0.8351657438914059 0.27891759235303765
vn 0.5591132615600329 -0.8285680375844711 -0.02945110933599503
vn 0.708929447027386 -0.6593053000707554 -0.25047067779693466
vn 0.4740286456600482 -0.8351657438914059 0.27891759235303765
vn 0.708929447027386 -0.6593053000707554 -0.25047067779693466
vn 0.5074479501350309 -0.006561695496461989 -0.8616574273201428
vn 0.9476361882155535 -0.22016191509005692 -0.23133176592974564
vn 0.9921745010189671 0.02459835884067099 -0.12241192862670364
vn 0.9294186421588848 0.03173952037517291 0.36765961221473425
vn 0.9476361882155535 -0.22016191509005692 -0.23133176592974564
vn 0.9294186421588848 0.03173952037517291 0.36765961221473425
vn 0.7523293727796914 0.1715790695513811 -0.6360512068574342
vn 0.22468560915317176 0.8529324554818816 0.47119274551410106
vn 0.9100563959739962 -0.012360335107032548 0.4143001065204581
vn -0.6625814615193472 0.3311686604439066 0.6717984260108641
vn 0.8635669788961675 -0.2724740565415631 0.4242758082567651
vn 0.878435624693441 -0.35396227763126714 0.32103202220889043
vn 0.9483048821771917 -0.26887763569989914 -0.16859023536176412
vn 0.7027767727286658 -0.10471303508652409 -0.7036618420776058
vn 0.7147952511688759 -0.10867964609356945 0.6908375231784969
vn 0.9100563959739962 -0.012360335107032548 0.4143001065204581
vn 0.878435624693441 -0.35396227763126714 0.32103202220889043
vn 0.8158114411515628 -0.4964574424932778 0.2966170937070956
vn 0.9349416972847426 0.35087397253365155 0.05264482953508934
vn 0.878435624693441 -0.35396227763126714 0.32103202220889043
vn 0.9349416972847426 0.35087397253365155 0.05264482953508934
vn 0.9483048821771917 -0.26887763569989914 -0.16859023536176412
vn 0.708929447027386 -0.6593053000707554 -0.25047067779693466
vn 0.8130002880669093 -0.060305887224207544 -0.5791318775281014
vn 0.5074479501350309 -0.006561695496461989 -0.8616574273201428
vn 0.7294286589272417 0.12482169166359498 -0.6725722093766914
vn 0.7027767727286658 -0.10471303508652409 -0.7036618420776058
vn -0.4285250933566955 0.8789021421980724 -0.20951675065081288
vn 0.7294286589272417 0.12482169166359498 -0.6725722093766914
vn -0.4285250933566955 0.8789021421980724 -0.20951675065081288
vn -0.7052662288138575 0.10944153802610117 -0.7004442135167948
vn 0.5940288844426919 -0.3285409447031082 -0.734295943132849
vn 0.5273169781224377 -0.3556444283560821 -0.7716565590747585
vn 0.25239144702531907 -0.32957379634735723 -0.9097690202626468
vn 0.7628610823668229 0.6078229146131892 -0.22044108845958638
vn 0.8032109637561096 0.2834646754249368 -0.5239274047883132
vn 0.6980390389329524 -0.3311351760122786 -0.6348944757460703
vn 0.7628610823668229 0.6078229146131892 -0.22044108845958638
vn 0.22468560915317176 0.8529324554818816 0.47119274551410106
vn 0.46111142680681805 0.8667393967187332 -0.19010278862717103
vn -0.6625814615193472 0.3311686604439066 0.6717984260108641
vn -0.5870295506444612 0.04486266700048825 0.8083215002582606
vn -0.7052662288138575 0.10944153802610117 -0.7004442135167948
vn -0.6625814615193472 0.3311686604439066 0.6717984260108641
vn -0.7052662288138575 0.10944153802610117 -0.7004442135167948
vn -0.4285250933566955 0.8789021421980724 -0.20951675065081288
vn 0.22468560915317176 0.8529324554818816 0.47119274551410106
vn -0.6625814615193472 0.3311686604439066 0.6717984260108641
vn -0.4285250933566955 0.8789021421980724 -0.20951675065081288
vn 0.9165607868123846 -0.2669843313314821 0.29771746825025897
vn 0.8251192076867757 -0.4983187914259256 -0.2661891718649581
vn 0.6427294358812297 -0.47203684974414617 -0.6033904910880006
vn 0.9165607868123846 -0.2669843313314821 0.29771746825025897
vn 0.6427294358812297 -0.47203684974414617 -0.6033904910880006
vn 0.056644096076768305 -0.13654402275042976 -0.9890132335973951
vn -0.5870295506444612 0.04486266700048825 0.8083215002582606
vn 0.9165607868123846 -0.2669843313314821 0.29771746825025897
vn 0.056644096076768305 -0.13654402275042976 -0.9890132335973951
vn -0.5870295506444612 0.04486266700048825 0.8083215002582606
vn 0.056644096076768305 -0.13654402275042976 -0.9890132335973951
vn -0.7052662288138575 0.10944153802610117 -0.7004442135167948
vn 0.8616507364462904 0.026032944280253885 0.5068335961572262
vn -0.5870295506444612 0.04486266700048825 0.8083215002582606
vn -0.6625814615193472 0.3311686604439066 0.6717984260108641
vn 0.8616507364462904 0.026032944280253885 0.5068335961572262
vn -0.6625814615193472 0.3311686604439066 0.6717984260108641
vn 0.7147952511688759 -0.10867964609356945 0.6908375231784969
vn 0.9294186421588848 0.03173952037517291 0.36765961221473425
vn 0.9165607868123846 -0.2669843313314821 0.29771746825025897
vn -0.5870295506444612 0.04486266700048825 0.8083215002582606
vn 0.9294186421588848 0.03173952037517291 0.36765961221473425
vn -0.5870295506444612 0.04486266700048825 0.8083215002582606
vn 0.8616507364462904 0.026032944280253885 0.5068335961572262
vn 0.8251192076867757 -0.4983187914259256 -0.2661891718649581
vn 0.9165607868123846 -0.2669843313314821 0.29771746825025897
vn 0.9791187484130818 -0.20328875791635515 -0.000396750332068228
vn 0.8158114411515628 -0.4964574424932778 0.2966170937070956
vn 0.8496339715012715 -0.37496327811397895 0.3708431670356023
vn 0.9349416972847426 0.35087397253365155 0.05264482953508934
vn 0.46111142680681805 0.8667393967187332 -0.19010278862717103
vn 0.8491726149587115 0.5046387096051099 -0.1557101241803923
vn 0.8032109637561096 0.2834646754249368 -0.5239274047883132
vn 0.548825883932353 -0.478296151731937 -0.6855821908161642
vn 0.8560812142119862 -0.4164892571977118 0.3060419143062421
vn 0.37453519988470063 -0.9265106839856267 0.03607404202211805
vn 0.46111142680681805 0.8667393967187332 -0.19010278862717103
vn -0.4285250933566955 0.8789021421980724 -0.20951675065081288
vn 0.5074479501350309 -0.006561695496461989 -0.8616574273201428
vn 0.46111142680681805 0.8667393967187332 -0.19010278862717103
vn 0.5074479501350309 -0.006561695496461989 -0.8616574273201428
vn 0.8130002880669093 -0.060305887224207544 -0.5791318775281014
vn 0.5345424723097442 -0.8348810821130159 0.13129327487265285
vn 0.5591132615600329 -0.8285680375844711 -0.02945110933599503
vn 0.7183282696337039 -0.6175236465517928 0.32042010391738074
vn 0.4211945428116433 -0.8164478317299441 0.39497860090030656
vn 0.37453519988470063 -0.9265106839856267 0.03607404202211805
vn 0.8560812142119862 -0.4164892571977118 0.3060419143062421
vn 0.4211945428116433 -0.8164478317299441 0.39497860090030656
vn 0.8560812142119862 -0.4164892571977118 0.3060419143062421
vn 0.6996255382900871 -0.37196984174126924 0.610051262606087
vn 0.7183282696337039 -0.6175236465517928 0.32042010391738074
vn 0.4211945428116433 -0.8164478317299441 0.39497860090030656
vn 0.6996255382900871 -0.37196984174126924 0.610051262606087
vn 0.8560812142119862 -0.4164892571977118 0.3060419143062421
vn 0.6901422736920335 -0.7087288480660664 -0.14631152375030762
vn 0.6996255382900871 -0.37196984174126924 0.610051262606087
vn 0.9921745010189671 0.02459835884067099 -0.12241192862670364
vn 0.9987314258708221 0.049623753454427155 0.00854529526284399
vn 0.9791187484130818 -0.20328875791635515 -0.000396750332068228
vn 0.9921745010189671 0.02459835884067099 -0.12241192862670364
vn 0.9791187484130818 -0.20328875791635515 -0.000396750332068228
vn 0.9165607868123846 -0.2669843313314821 0.29771746825025897
vn 0.9483048821771917 -0.26887763569989914 -0.16859023536176412
vn 0.9791187484130818 -0.20328875791635515 -0.000396750332068228
vn 0.8635669788961675 -0.2724740565415631 0.4242758082567651
vn 0.6427294358812297 -0.47203684974414617 -0.6033904910880006
vn 0.6980390389329524 -0.3311351760122786 -0.6348944757460703
vn 0.5273169781224377 -0.3556444283560821 -0.7716565590747585
vn 0.5940288844426919 -0.3285409447031082 -0.734295943132849
vn 0.6427294358812297 -0.47203684974414617 -0.6033904910880006
vn 0.5273169781224377 -0.3556444283560821 -0.7716565590747585
vn 0.9100563959739962 -0.012360335107032548 0.4143001065204581
vn 0.22468560915317176 0.8529324554818816 0.47119274551410106
vn 0.9349416972847426 0.35087397253365155 0.05264482953508934
vn 0.9100563959739962 -0.012360335107032548 0.4143001065204581
vn 0.9349416972847426 0.35087397253365155 0.05264482953508934
vn 0.9043942007617958 0.18134272220602493 0.3862459666214535
vn 0.3894553087892678 -0.8217900754756342 -0.41591541724923753
vn 0.5384143396378667 -0.7947119783299451 -0.2802550095381434
vn 0.8496339715012715 -0.37496327811397895 0.3708431670356023
vn 0.46111142680681805 0.8667393967187332 -0.19010278862717103
vn 0.22468560915317176 0.8529324554818816 0.47119274551410106
vn -0.4285250933566955 0.8789021421980724 -0.20951675065081288
vn 0.5845300461824019 -0.7843989008491562 -0.20746804442283293
vn 0.3921089420129784 -0.9071486382589494 0.15274791552880995
vn 0.801678559626677 -0.5900584177402757 -0.09561668624638127
vn 0.801678559626677 -0.5900584177402757 -0.09561668624638127
vn 0.3921089420129784 -0.9071486382589494 0.15274791552880995
vn 0.4740286456600482 -0.8351657438914059 0.27891759235303765
vn 0.5074479501350309 -0.006561695496461989 -0.8616574273201428
vn 0.7027767727286658 -0.10471303508652409 -0.7036618420776058
vn 0.801678559626677 -0.5900584177402757 -0.09561668624638127
vn 0.5074479501350309 -0.006561695496461989 -0.8616574273201428
vn 0.801678559626677 -0.5900584177402757 -0.09561668624638127
vn 0.4740286456600482 -0.8351657438914059 0.27891759235303765
vn 0.8032109637561096 0.2834646754249368 -0.5239274047883132
vn 0.7628610823668229 0.6078229146131892 -0.22044108845958638
vn 0.46111142680681805 0.8667393967187332 -0.19010278862717103
vn 0.7628610823668229 0.6078229146131892 -0.22044108845958638
vn 0.6980390389329524 -0.3311351760122786 -0.6348944757460703
vn 0.9483048821771917 -0.26887763569989914 -0.16859023536176412
vn 0.7628610823668229 0.6078229146131892 -0.22044108845958638
vn 0.9483048821771917 -0.26887763569989914 -0.16859023536176412
vn 0.9349416972847426 0.35087397253365155 0.05264482953508934
vn 0.6427294358812297 -0.47203684974414617 -0.6033904910880006
vn 0.8251192076867757 -0.4983187914259256 -0.2661891718649581
vn 0.6980390389329524 -0.3311351760122786 -0.6348944757460703
vn 0.6980390389329524 -0.3311351760122786 -0.6348944757460703
vn 0.8251192076867757 -0.4983187914259256 -0.2661891718649581
vn 0.9483048821771917 -0.26887763569989914 -0.16859023536176412
vn 0.6980390389329524 -0.3311351760122786 -0.6348944757460703
vn 0.8032109637561096 0.2834646754249368 -0.5239274047883132
vn 0.5273169781224377 -0.3556444283560821 -0.7716565590747585
vn 0.11420300013976765 0.08301233275641264 -0.9899831449925878
vn 0.5273169781224377 -0.3556444283560821 -0.7716565590747585
vn 0.8032109637561096 0.2834646754249368 -0.5239274047883132
vn 0.8491726149587115 0.5046387096051099 -0.1557101241803923
vn 0.11420300013976765 0.08301233275641264 -0.9899831449925878
vn 0.8032109637561096 0.2834646754249368 -0.5239274047883132
vn 0.5273169781224377 -0.3556444283560821 -0.7716565590747585
vn 0.11420300013976765 0.08301233275641264 -0.9899831449925878
vn 0.032747242098978724 -0.25205915780875016 -0.9671575875211105
vn 0.5273169781224377 -0.3556444283560821 -0.7716565590747585
vn 0.032747242098978724 -0.25205915780875016 -0.9671575875211105
vn 0.25239144702531907 -0.32957379634735723 -0.9097690202626468
vn 0.8491726149587115 0.5046387096051099 -0.1557101241803923
vn 0.7854921050749746 0.5889512768336796 -0.1901014107808343
vn 0.11420300013976765 0.08301233275641264 -0.9899831449925878
vn -0.6732254213746299 0.5514533779443296 -0.49261212324580517
vn 0.11420300013976765 0.08301233275641264 -0.9899831449925878
vn 0.7854921050749746 0.5889512768336796 -0.1901014107808343
vn -0.5389360201853223 0.6511850372056878 -0.5343276274592519
vn -0.6732254213746299 0.5514533779443296 -0.49261212324580517
vn 0.7854921050749746 0.5889512768336796 -0.1901014107808343
vn -0.5389360201853223 0.6511850372056878 -0.5343276274592519
vn 0.7854921050749746 0.5889512768336796 -0.1901014107808343
vn 0.6055983493585847 0.6078262518403854 -0.5136125843744735
vn 0.32539992952538094 -0.9196165042390817 0.22004629284759156
vn 0.35316242759527794 -0.8496406906935552 -0.39164651977617343
vn 0.3894553087892678 -0.8217900754756342 -0.41591541724923753
vn 0.8158114411515628 -0.4964574424932778 0.2966170937070956
vn 0.32539992952538094 -0.9196165042390817 0.22004629284759156
vn 0.3894553087892678 -0.8217900754756342 -0.41591541724923753
vn 0.878435624693441 -0.35396227763126714 0.32103202220889043
vn 0.5745539778272762 -0.5423868438622309 0.612947174043589
vn 0.8158114411515628 -0.4964574424932778 0.2966170937070956
vn 0.7089063399091606 -0.23460317730797453 -0.6651414514474351
vn 0.4964218646010041 -0.5435431501419108 -0.6768501874712533
vn -0.3459369420135391 0.5658899945288332 -0.7483957150080957
vn 0.7089063399091606 -0.23460317730797453 -0.6651414514474351
vn -0.3459369420135391 0.5658899945288332 -0.7483957150080957
vn -0.6103639169290812 0.34185141878017244 -0.7145582526211369
vn 0.4964218646010041 -0.5435431501419108 -0.6768501874712533
vn 0.3492015053156416 -0.7016380524957682 -0.6210976992190805
vn -0.1628816696447024 0.660560417993777 -0.7328911896548088
vn 0.4964218646010041 -0.5435431501419108 -0.6768501874712533
vn -0.1628816696447024 0.660560417993777 -0.7328911896548088
vn -0.3459369420135391 0.5658899945288332 -0.7483957150080957
vn 0.6055983493585847 0.6078262518403854 -0.5136125843744735
vn 0.6796556180823895 0.05063083444285225 -0.7317819070000744
vn -0.6735330452332375 0.20878334693585604 -0.7090576499982943
vn 0.6055983493585847 0.6078262518403854 -0.5136125843744735
vn -0.6735330452332375 0.20878334693585604 -0.7090576499982943
vn -0.5389360201853223 0.6511850372056878 -0.5343276274592519
vn 0.6796556180823895 0.05063083444285225 -0.7317819070000744
vn 0.7089063399091606 -0.23460317730797453 -0.6651414514474351
vn -0.6103639169290812 0.34185141878017244 -0.7145582526211369
vn 0.6796556180823895 0.05063083444285225 -0.7317819070000744
vn -0.6103639169290812 0.34185141878017244 -0.7145582526211369
vn -0.6735330452332375 0.20878334693585604 -0.7090576499982943
vn -0.6735330452332375 0.20878334693585604 -0.7090576499982943
vn -0.6103639169290812 0.34185141878017244 -0.7145582526211369
vn -0.8734877129194127 0.3625671573695869 -0.3249065585299114
vn -0.6735330452332375 0.20878334693585604 -0.7090576499982943
vn -0.8734877129194127 0.3625671573695869 -0.3249065585299114
vn -0.9333295497327515 0.11151612939870946 -0.341262515491505
vn -0.3459369420135391 0.5658899945288332 -0.7483957150080957
vn -0.1628816696447024 0.660560417993777 -0.7328911896548088
vn -0.2533073272558068 0.9312554036342229 -0.2619136711983173
vn -0.3459369420135391 0.5658899945288332 -0.7483957150080957
vn -0.2533073272558068 0.9312554036342229 -0.2619136711983173
vn -0.5595106433384127 0.7704906767268106 -0.3054373210138161
vn -0.6103639169290812 0.34185141878017244 -0.7145582526211369
vn -0.3459369420135391 0.5658899945288332 -0.7483957150080957
vn -0.5595106433384127 0.7704906767268106 -0.3054373210138161
vn -0.6103639169290812 0.34185141878017244 -0.7145582526211369
vn -0.5595106433384127 0.7704906767268106 -0.3054373210138161
vn -0.8734877129194127 0.3625671573695869 -0.3249065585299114
vn -0.5389360201853223 0.6511850372056878 -0.5343276274592519
vn -0.6735330452332375 0.20878334693585604 -0.7090576499982943
vn -0.9333295497327515 0.11151612939870946 -0.341262515491505
vn -0.5389360201853223 0.6511850372056878 -0.5343276274592519
vn -0.9333295497327515 0.11151612939870946 -0.341262515491505
vn -0.6732254213746299 0.5514533779443296 -0.49261212324580517
vn -0.6732254213746299 0.5514533779443296 -0.49261212324580517
vn -0.9333295497327515 0.11151612939870946 -0.341262515491505
vn -0.5739989542067777 0.2376809726652555 -0.7836025496400734
vn -0.5595106433384127 0.7704906767268106 -0.3054373210138161
vn -0.2533073272558068 0.9312554036342229 -0.2619136711983173
vn -0.1799104969389062 0.7080141347702921 -0.6828969161276617
vn -0.5595106433384127 0.7704906767268106 -0.3054373210138161
vn -0.1799104969389062 0.7080141347702921 -0.6828969161276617
vn -0.37056726252657834 0.5709580325343553 -0.7325891270200889
vn -0.9333295497327515 0.11151612939870946 -0.341262515491505
vn -0.8734877129194127 0.3625671573695869 -0.3249065585299114
vn -0.5588999016334332 0.31877405296929406 -0.7655155146093828
vn -0.9333295497327515 0.11151612939870946 -0.341262515491505
vn -0.5588999016334332 0.31877405296929406 -0.7655155146093828
vn -0.5739989542067777 0.2376809726652555 -0.7836025496400734
vn -0.8734877129194127 0.3625671573695869 -0.3249065585299114
vn -0.5595106433384127 0.7704906767268106 -0.3054373210138161
vn -0.37056726252657834 0.5709580325343553 -0.7325891270200889
vn -0.8734877129194127 0.3625671573695869 -0.3249065585299114
vn -0.37056726252657834 0.5709580325343553 -0.7325891270200889
vn -0.5588999016334332 0.31877405296929406 -0.7655155146093828
vn -0.5739989542067777 0.2376809726652555 -0.7836025496400734
vn -0.5588999016334332 0.31877405296929406 -0.7655155146093828
vn -0.33394528167915327 0.30556208818924685 -0.8916907306379593
vn -0.5739989542067777 0.2376809726652555 -0.7836025496400734
vn -0.33394528167915327 0.30556208818924685 -0.8916907306379593
vn -0.239913773731427 0.25645535886556786 -0.936307657815036
vn -0.5588999016334332 0.31877405296929406 -0.7655155146093828
vn -0.37056726252657834 0.5709580325343553 -0.7325891270200889
vn -0.33394528167915327 0.30556208818924685 -0.8916907306379593
vn -0.37056726252657834 0.5709580325343553 -0.7325891270200889
vn -0.1799104969389062 0.7080141347702921 -0.6828969161276617
vn -0.33394528167915327 0.30556208818924685 -0.8916907306379593
vn -0.6732254213746299 0.5514533779443296 -0.49261212324580517
vn -0.5739989542067777 0.2376809726652555 -0.7836025496400734
vn 0.11420300013976765 0.08301233275641264 -0.9899831449925878
vn 0.11420300013976765 0.08301233275641264 -0.9899831449925878
vn -0.5739989542067777 0.2376809726652555 -0.7836025496400734
vn -0.239913773731427 0.25645535886556786 -0.936307657815036
vn 0.11420300013976765 0.08301233275641264 -0.9899831449925878
vn -0.239913773731427 0.25645535886556786 -0.936307657815036
vn -0.12091706766338084 0.007141492398372241 -0.992636923469006
vn 0.9043942007617958 0.18134272220602493 0.3862459666214535
vn 0.8496339715012715 -0.37496327811397895 0.3708431670356023
vn 0.5384143396378667 -0.7947119783299451 -0.2802550095381434
vn 0.9043942007617958 0.18134272220602493 0.3862459666214535
vn 0.5384143396378667 -0.7947119783299451 -0.2802550095381434
vn 0.5845300461824019 -0.7843989008491562 -0.20746804442283293
vn 0.32539992952538094 -0.9196165042390817 0.22004629284759156
vn 0.8158114411515628 -0.4964574424932778 0.2966170937070956
vn 0.5745539778272762 -0.5423868438622309 0.612947174043589
vn 0.28001709569826977 -0.637401315015264 0.7178509523107971
vn 0.32539992952538094 -0.9196165042390817 0.22004629284759156
vn 0.5745539778272762 -0.5423868438622309 0.612947174043589
f 505//505 506//506 507//507
f 508//508 509//509 510//510
f 511//511 512//512 513//513
f 514//514 515//515 516//516
f 517//517 518//518 519//519
f 520//520 521//521 522//522
f 523//523 524//524 525//525
f 526//526 527//527 528//528
f 529//529 530//530 531//531
f 532//532 533//533 534//534
f 535//535 536//536 537//537
f 538//538 539//539 540//540
f 541//541 542//542 543//543
f 544//544 545//545 546//546
f 547//547 548//548 549//549
f 550//550 551//551 552//552
f 553//553 554//554 555//555
f 556//556 557//557 558//558
f 559//559 560//560 561//561
f 562//562 563//563 564//564
f 565//565 566//566 567//567
f 568//568 569//569 570//570
f 571//571 572//572 573//573
f 574//574 575//575 576//576
f 577//577 578//578 579//579
f 580//580 581//581 582//582
f 583//583 584//584 585//585
f 586//586 587//587 588//588
f 589//589 590//590 591//591
f 592//592 593//593 594//594
f 595//595 596//596 597//597
f 598//598 599//599 600//600
f 601//601 602//602 603//603
f 604//604 605//605 606//606
f 607//607 608//608 609//609
f 610//610 611//611 612//612
f 613//613 614//614 615//615
f 616//616 617//617 618//618
f 619//619 620//620 621//621
f 622//622 623//623 624//624
f 625//625 626//626 627//627
f 628//628 629//629 630//630
f 631//631 632//632 633//633
f 634//634 635//635 636//636
f 637//637 638//638 639//639
f 640//640 641//641 642//642
f 643//643 644//644 645//645
f 646//646 647//647 648//648
f 649//649 650//650 651//651
f 652//652 653//653 654//654
f 655//655 656//656 657//657
f 658//658 659//659 660//660
f 661//661 662//662 663//663
f 664//664 665//665 666//666
f 667//667 668//668 669//669
f 670//670 671//671 672//672
f 673//673 674//674 675//675
f 676//676 677//677 678//678
f 679//679 680//680 681//681
f 682//682 683//683 684//684
f 685//685 686//686 687//687
f 688//688 689//689 690//690
f 691//691 692//692 693//693
f 694//694 695//695 696//696
f 697//697 698//698 699//699
f 700//700 701//701 702//702
f 703//703 704//704 705//705
f 706//706 707//707 708//708
f 709//709 710//710 711//711
f 712//712 713//713 714//714
f 715//715 716//716 717//717
f 718//718 719//719 720//720
f 721//721 722//722 723//723
f 724//724 725//725 726//726
f 727//727 728//728 729//729
f 730//730 731//731 732//732
f 733//733 734//734 735//735
f 736//736 737//737 738//738
f 739//739 740//740 741//741
f 742//742 743//743 744//744
f 745//745 746//746 747//747
f 748//748 749//749 750//750
f 751//751 752//752 753//753
f 754//754 755//755 756//756
f 757//757 758//758 759//759
f 760//760 761//761 762//762
f 763//763 764//764 765//765
f 766//766 767//767 768//768
f 769//769 770//770 771//771
f 772//772 773//773 774//774
f 775//775 776//776 777//777
f 778//778 779//779 780//780
f 781//781 782//782 783//783
f 784//784 785//785 786//786
f 787//787 788//788 789//789
f 790//790 791//791 792//792
f 793//793 794//794 795//795
f 796//796 797//797 798//798
f 799//799 800//800 801//801
f 802//802 803//803 804//804
f 805//805 806//806 807//807
f 808//808 809//809 810//810
f 811//811 812//812 813//813
f 814//814 815//815 816//816
f 817//817 818//818 819//819
f 820//820 821//821 822//822
f 823//823 824//824 825//825
f 826//826 827//827 828//828
f 829//829 830//830 831//831
f 832//832 833//833 834//834
f 835//835 836//836 837//837
f 838//838 839//839 840//840
f 841//841 842//842 843//843
f 844//844 845//845 846//846
f 847//847 848//848 849//849
f 850//850 851//851 852//852
f 853//853 854//854 855//855
f 856//856 857//857 858//858
f 859//859 860//860 861//861
f 862//862 863//863 864//864
f 865//865 866//866 867//867
f 868//868 869//869 870//870
f 871//871 872//872 873//873
f 874//874 875//875 876//876
f 877//877 878//878 879//879
f 880//880 881//881 882//882
f 883//883 884//884 885//885
f 886//886 887//887 888//888
f 889//889 890//890 891//891
f 892//892 893//893 894//894
f 895//895 896//896 897//897
f 898//898 899//899 900//900
f 901//901 902//902 903//903
f 904//904 905//905 906//906
f 907//907 908//908 909//909
f 910//910 911//911 912//912
f 913//913 914//914 915//915
f 916//916 917//917 918//918
f 919//919 920//920 921//921
f 922//922 923//923 924//924
f 925//925 926//926 927//927
f 928//928 929//929 930//930
f 931//931 932//932 933//933
f 934//934 935//935 936//936
f 937//937 938//938 939//939
f 940//940 941//941 942//942
f 943//943 944//944 945//945
f 946//946 947//947 948//948
f 949//949 950//950 951//951
f 952//952 953//953 954//954
f 955//955 956//956 957//957
f 958//958 959//959 960//960
f 961//961 962//962 963//963
f 964//964 965//965 966//966
f 967//967 968//968 969//969
f 970//970 971//971 972//972
f 973//973 974//974 975//975
f 976//976 977//977 978//978
f 979//979 980//980 981//981
f 982//982 983//983 984//984
f 985//985 986//986 987//987
f 988//988 989//989 990//990
f 991//991 992//992 993//993
f 994//994 995//995 996//996
f 997//997 998//998 999//999
f 1000//1000 1001//1001 1002//1002
f 1003//1003 1004//1004 1005//1005
f 1006//1006 1007//1007 1008//1008
f 1009//1009 1010//1010 1011//1011
f 1012//1012 1013//1013 1014//1014
f 1015//1015 1016//1016 1017//1017
f 1018//1018 1019//1019 1020//1020
f 1021//1021 1022//1022 1023//1023
f 1024//1024 1025//1025 1026//1026
f 1027//1027 1028//1028 1029//1029
f 1030//1030 1031//1031 1032//1032
f 1033//1033 1034//1034 1035//1035
f 1036//1036 1037//1037 1038//1038
f 1039//1039 1040//1040 1041//1041
f 1042//1042 1043//1043 1044//1044
f 1045//1045 1046//1046 1047//1047
f 1048//1048 1049//1049 1050//1050
f 1051//1051 1052//1052 1053//1053
f 1054//1054 1055//1055 1056//1056
f 1057//1057 1058//1058 1059//1059
f 1060//1060 1061//1061 1062//1062
f 1063//1063 1064//1064 1065//1065
f 1066//1066 1067//1067 1068//1068
f 1069//1069 1070//1070 1071//1071
f 1072//1072 1073//1073 1074//1074
f 1075//1075 1076//1076 1077//1077
f 1078//1078 1079//1079 1080//1080
f 1081//1081 1082//1082 1083//1083
f 1084//1084 1085//1085 1086//1086
f 1087//1087 1088//1088 1089//1089
f 1090//1090 1091//1091 1092//1092
f 1093//1093 1094//1094 1095//1095
f 1096//1096 1097//1097 1098//1098
f 1099//1099 1100//1100 1101//1101
f 1102//1102 1103//1103 1104//1104
f 1105//1105 1106//1106 1107//1107
f 1108//1108 1109//1109 1110//1110
f 1111//1111 1112//1112 1113//1113
f 1114//1114 1115//1115 1116//1116
f 1117//1117 1118//1118 1119//1119
f 1120//1120 1121//1121 1122//1122
f 1123//1123 1124//1124 1125//1125
f 1126//1126 1127//1127 1128//1128
f 1129//1129 1130//1130 1131//1131
f 1132//1132 1133//1133 1134//1134
f 1135//1135 1136//1136 1137//1137
f 1138//1138 1139//1139 1140//1140
f 1141//1141 1142//1142 1143//1143
f 1144//1144 1145//1145 1146//1146
o Cube_2
usemtl Material
v -0.5998899340629578 0.7237654328346252 0.29271987080574036
v -0.6001497507095337 0.5933488607406616 0.5686342120170593
v -0.30737102031707764 0.7165787220001221 0.711505651473999
v -0.5998899340629578 0.7237654328346252 0.29271987080574036
v -0.30737102031707764 0.7165787220001221 0.711505651473999
v -0.30610328912734985 0.885370671749115 0.36279094219207764
v -0.3116658329963684 0.6766395568847656 -0.20604494214057922
v -0.45591431856155396 0.5913636088371277 -0.23216316103935242
v -0.5586894750595093 0.6846281290054321 0
v -0.3116658329963684 0.6766395568847656 -0.20604494214057922
v -0.5586894750595093 0.6846281290054321 0
v -0.29773208498954773 0.9110821485519409 0.021425889804959297
v -0.45591431856155396 0.5913636088371277 -0.23216316103935242
v -0.5913122296333313 0.22613076865673065 -0.31327900290489197
v -0.5586894750595093 0.6846281290054321 0
v -0.6315917372703552 0.31767791509628296 0.6941657066345215
v -0.6001497507095337 0.5933488607406616 0.5686342120170593
v -0.5998899340629578 0.7237654328346252 0.29271987080574036
v -0.6315917372703552 0.31767791509628296 0.6941657066345215
v -0.5998899340629578 0.7237654328346252 0.29271987080574036
v -0.6796630620956421 0.33271530270576477 0.38849520683288574
v -0.483573853969574 -0.5087038278579712 0.1859739124774933
v -0.4261827766895294 -0.4619235396385193 0.0453726164996624
v -0.5310873985290527 -0.505061686038971 0.02491694688796997
v -0.5913122296333313 0.22613076865673065 -0.31327900290489197
v -0.45591431856155396 0.5913636088371277 -0.23216316103935242
v -0.3116658329963684 0.6766395568847656 -0.20604494214057922
v -0.5913122296333313 0.22613076865673065 -0.31327900290489197
v -0.3116658329963684 0.6766395568847656 -0.20604494214057922
v -0.44553306698799133 0.17736056447029114 -0.3068877160549164
v -0.30737102031707764 0.7165787220001221 0.711505651473999
v -0.6001497507095337 0.5933488607406616 0.5686342120170593
v -0.6315917372703552 0.31767791509628296 0.6941657066345215
v -0.30737102031707764 0.7165787220001221 0.711505651473999
v -0.6315917372703552 0.31767791509628296 0.6941657066345215
v -0.31806480884552 0.38045239448547363 0.8932656049728394
v -0.5420517921447754 -0.27564001083374023 0.6711609363555908
v -0.49430230259895325 -0.510983943939209 0.5891904830932617
v -0.3770659565925598 -0.5783366560935974 0.710647463798523
v -0.5420517921447754 -0.27564001083374023 0.6711609363555908
v -0.3770659565925598 -0.5783366560935974 0.710647463798523
v -0.2872889041900635 -0.33458566665649414 0.8726187348365784
v -0.5984783172607422 0 0.7184232473373413
v -0.5420517921447754 -0.27564001083374023 0.6711609363555908
v -0.2872889041900635 -0.33458566665649414 0.8726187348365784
v -0.5984783172607422 0 0.7184232473373413
v -0.2872889041900635 -0.33458566665649414 0.8726187348365784
v -0.3011380136013031 0.000015744270058348775 0.9480680823326111
v -0.296629399061203 0.17504778504371643 -0.30045121908187866
v 0 0.17504778504371643 -0.28144803643226624
v 0 -0.25622671842575073 -0.155731201171875
v -0.296629399061203 0.17504778504371643 -0.30045121908187866
v 0 -0.25622671842575073 -0.155731201171875
v -0.1969524621963501 -0.2537607252597809 -0.17673450708389282
v -0.5420517921447754 -0.27564001083374023 0.6711609363555908
v -0.5984783172607422 0 0.7184232473373413
v -0.6472125053405762 0 0.3896126449108124
v -0.31806480884552 0.38045239448547363 0.8932656049728394
v -0.6315917372703552 0.31767791509628296 0.6941657066345215
v -0.5984783172607422 0 0.7184232473373413
v -0.31806480884552 0.38045239448547363 0.8932656049728394
v -0.5984783172607422 0 0.7184232473373413
v -0.3011380136013031 0.000015744270058348775 0.9480680823326111
v -0.5984783172607422 0 0.7184232473373413
v -0.6315917372703552 0.31767791509628296 0.6941657066345215
v -0.6796630620956421 0.33271530270576477 0.38849520683288574
v -0.5984783172607422 0 0.7184232473373413
v -0.6796630620956421 0.33271530270576477 0.38849520683288574
v -0.6472125053405762 0 0.3896126449108124
v -0.5998899340629578 0.7237654328346252 0.29271987080574036
v -0.5586894750595093 0.6846281290054321 0
v -0.6290596127510071 0.2789642810821533 -0.0011169351637363434
v -0.5998899340629578 0.7237654328346252 0.29271987080574036
v -0.6290596127510071 0.2789642810821533 -0.0011169351637363434
v -0.6796630620956421 0.33271530270576477 0.38849520683288574
v -0.5586894750595093 0.6846281290054321 0
v -0.5998899340629578 0.7237654328346252 0.29271987080574036
v -0.30610328912734985 0.885370671749115 0.36279094219207764
v -0.5586894750595093 0.6846281290054321 0
v -0.30610328912734985 0.885370671749115 0.36279094219207764
v -0.29773208498954773 0.9110821485519409 0.021425889804959297
v -0.3770659565925598 -0.5783366560935974 0.710647463798523
v -0.17888203263282776 -0.6250176429748535 0.7881761193275452
v -0.2872889041900635 -0.33458566665649414 0.8726187348365784
v -0.2796734869480133 0.4752267003059387 -0.34307000041007996
v -0.3116658329963684 0.6766395568847656 -0.20604494214057922
v -0.16325128078460693 0.7708945274353027 -0.22835496068000793
v -0.2796734869480133 0.4752267003059387 -0.34307000041007996
v -0.16325128078460693 0.7708945274353027 -0.22835496068000793
v 0 0.5435245037078857 -0.33301424980163574
v -0.32541295886039734 -0.7716313600540161 0.3098861575126648
v -0.47880974411964417 -0.6755752563476562 0.35267794132232666
v -0.5135945081710815 -0.690640926361084 0.28909361362457275
v -0.16325128078460693 0.7708945274353027 -0.22835496068000793
v -0.3116658329963684 0.6766395568847656 -0.20604494214057922
v -0.29773208498954773 0.9110821485519409 0.021425889804959297
v -0.3325002193450928 -0.58376145362854 -0.28589868545532227
v -0.4224667549133301 -0.45684459805488586 -0.0835181325674057
v -0.32516372203826904 -0.3838006854057312 -0.22947990894317627
v -0.6444723606109619 -0.18482469022274017 -0.0888858288526535
v -0.6102687120437622 -0.43457719683647156 -0.11513850092887878
v -0.6493425965309143 -0.3155733346939087 0.0018948353826999664
v -0.6444723606109619 -0.18482469022274017 -0.0888858288526535
v -0.6493425965309143 -0.3155733346939087 0.0018948353826999664
v -0.6712375283241272 -0.2007041573524475 0.0010062191868200898
v -0.5513340830802917 -0.5891851782798767 0.021726369857788086
v -0.5834563970565796 -0.5144122838973999 0.024461200460791588
v -0.6102687120437622 -0.43457719683647156 -0.11513850092887878
v -0.5018312335014343 0.06425385177135468 -0.08722959458827972
v -0.5797973275184631 -0.048597030341625214 -0.08012811839580536
v -0.6214579343795776 -0.02847120352089405 -0.06315519660711288
v -0.5229066610336304 -0.45580390095710754 -0.08791719377040863
v -0.46753567457199097 -0.5766875743865967 -0.2772824466228485
v -0.6102687120437622 -0.43457719683647156 -0.11513850092887878
v -0.1613539606332779 -0.8941820859909058 -0.5243310928344727
v 0 -0.9584779143333435 -0.5259779691696167
v 0 -0.9668174982070923 -0.4352407455444336
v -0.1613539606332779 -0.8941820859909058 -0.5243310928344727
v 0 -0.9668174982070923 -0.4352407455444336
v -0.15576717257499695 -0.8867290019989014 -0.4374130964279175
v -0.5797973275184631 -0.048597030341625214 -0.08012811839580536
v -0.6074893474578857 -0.2165868878364563 -0.10858888179063797
v -0.6444723606109619 -0.18482469022274017 -0.0888858288526535
v -0.5797973275184631 -0.048597030341625214 -0.08012811839580536
v -0.6444723606109619 -0.18482469022274017 -0.0888858288526535
v -0.6214579343795776 -0.02847120352089405 -0.06315519660711288
v 0 -0.8586419224739075 0.1855228841304779
v -0.062374092638492584 -0.8306840658187866 0.18391333520412445
v -0.08008919656276703 -0.8517808318138123 0.040599238127470016
v 0 -0.8586419224739075 0.1855228841304779
v -0.08008919656276703 -0.8517808318138123 0.040599238127470016
v 0 -0.9382539391517639 0.10634146630764008
v -0.2782387435436249 -0.7320173382759094 -0.5011833310127258
v -0.1613539606332779 -0.8941820859909058 -0.5243310928344727
v -0.15576717257499695 -0.8867290019989014 -0.4374130964279175
v -0.2782387435436249 -0.7320173382759094 -0.5011833310127258
v -0.15576717257499695 -0.8867290019989014 -0.4374130964279175
v -0.2685399055480957 -0.7190528512001038 -0.4145025908946991
v -0.15551383793354034 -0.8720411658287048 -0.20904487371444702
v 0 -0.9527906775474548 -0.32481905817985535
v 0 -0.9770881533622742 -0.2317960560321808
v -0.30610328912734985 0.885370671749115 0.36279094219207764
v -0.30737102031707764 0.7165787220001221 0.711505651473999
v 0 0.7942156195640564 0.7683482766151428
v -0.30610328912734985 0.885370671749115 0.36279094219207764
v 0 0.7942156195640564 0.7683482766151428
v 0 0.9609948396682739 0.41013115644454956
v 0 0.798134982585907 -0.21658995747566223
v -0.16325128078460693 0.7708945274353027 -0.22835496068000793
v -0.29773208498954773 0.9110821485519409 0.021425889804959297
v 0 0.798134982585907 -0.21658995747566223
v -0.29773208498954773 0.9110821485519409 0.021425889804959297
v 0 0.9765839576721191 -0.023087965324521065
v 0 -0.6652811169624329 0.8150395154953003
v -0.17888203263282776 -0.6250176429748535 0.7881761193275452
v -0.19607627391815186 -0.8614184260368347 0.4109034538269043
v 0 -0.6652811169624329 0.8150395154953003
v -0.19607627391815186 -0.8614184260368347 0.4109034538269043
v 0 -0.8829020857810974 0.3140735328197479
v -0.16325128078460693 0.7708945274353027 -0.22835496068000793
v 0 0.798134982585907 -0.21658995747566223
v 0 0.5435245037078857 -0.33301424980163574
v 0 0.7942156195640564 0.7683482766151428
v -0.30737102031707764 0.7165787220001221 0.711505651473999
v -0.31806480884552 0.38045239448547363 0.8932656049728394
v 0 0.7942156195640564 0.7683482766151428
v -0.31806480884552 0.38045239448547363 0.8932656049728394
v 0 0.43595853447914124 0.9723735451698303
v -0.2872889041900635 -0.33458566665649414 0.8726187348365784
v -0.17888203263282776 -0.6250176429748535 0.7881761193275452
v 0 -0.6652811169624329 0.8150395154953003
v -0.2872889041900635 -0.33458566665649414 0.8726187348365784
v 0 -0.6652811169624329 0.8150395154953003
v 0 -0.37638145685195923 0.9505374431610107
v -0.3011380136013031 0.000015744270058348775 0.9480680823326111
v -0.2872889041900635 -0.33458566665649414 0.8726187348365784
v 0 -0.37638145685195923 0.9505374431610107
v -0.3011380136013031 0.000015744270058348775 0.9480680823326111
v 0 -0.37638145685195923 0.9505374431610107
v 0 0 1.0308942794799805
v 0 0.43595853447914124 0.9723735451698303
v -0.31806480884552 0.38045239448547363 0.8932656049728394
v -0.3011380136013031 0.000015744270058348775 0.9480680823326111
v 0 0.43595853447914124 0.9723735451698303
v -0.3011380136013031 0.000015744270058348775 0.9480680823326111
v 0 0 1.0308942794799805
v -0.19607627391815186 -0.8614184260368347 0.4109034538269043
v -0.136016845703125 -0.8669074773788452 0.2898849546909332
v 0 -0.8829020857810974 0.3140735328197479
v -0.29773208498954773 0.9110821485519409 0.021425889804959297
v -0.30610328912734985 0.885370671749115 0.36279094219207764
v 0 0.9609948396682739 0.41013115644454956
v -0.29773208498954773 0.9110821485519409 0.021425889804959297
v 0 0.9609948396682739 0.41013115644454956
v 0 0.9765839576721191 -0.023087965324521065
v 0 0.5435245037078857 -0.33301424980163574
v 0 0.17504778504371643 -0.28144803643226624
v -0.296629399061203 0.17504778504371643 -0.30045121908187866
v 0 0.5435245037078857 -0.33301424980163574
v -0.296629399061203 0.17504778504371643 -0.30045121908187866
v -0.2796734869480133 0.4752267003059387 -0.34307000041007996
v -0.296629399061203 0.17504778504371643 -0.30045121908187866
v -0.44553306698799133 0.17736056447029114 -0.3068877160549164
v -0.2796734869480133 0.4752267003059387 -0.34307000041007996
v -0.44553306698799133 0.17736056447029114 -0.3068877160549164
v -0.3116658329963684 0.6766395568847656 -0.20604494214057922
v -0.2796734869480133 0.4752267003059387 -0.34307000041007996
v -0.5854290127754211 -0.41095679998397827 -0.0044302139431238174
v -0.6493425965309143 -0.3155733346939087 0.0018948353826999664
v -0.5834563970565796 -0.5144122838973999 0.024461200460791588
v -0.13934734463691711 -0.781542956829071 0.24876737594604492
v -0.062374092638492584 -0.8306840658187866 0.18391333520412445
v -0.136016845703125 -0.8669074773788452 0.2898849546909332
v -0.15551383793354034 -0.8720411658287048 -0.20904487371444702
v 0 -0.9382539391517639 0.10634146630764008
v -0.08008919656276703 -0.8517808318138123 0.040599238127470016
v -0.539222002029419 -0.604026198387146 0.2088073194026947
v -0.5834563970565796 -0.5144122838973999 0.024461200460791588
v -0.5513340830802917 -0.5891851782798767 0.021726369857788086
v -0.539222002029419 -0.604026198387146 0.2088073194026947
v -0.5513340830802917 -0.5891851782798767 0.021726369857788086
v -0.5309956073760986 -0.6281791925430298 0.15945632755756378
v -0.30260470509529114 -0.68381267786026 -0.24240607023239136
v -0.3325002193450928 -0.58376145362854 -0.28589868545532227
v -0.31731390953063965 -0.5357151627540588 -0.39161643385887146
v -0.30260470509529114 -0.68381267786026 -0.24240607023239136
v -0.31731390953063965 -0.5357151627540588 -0.39161643385887146
v -0.2685399055480957 -0.7190528512001038 -0.4145025908946991
v -0.6214579343795776 -0.02847120352089405 -0.06315519660711288
v -0.6444723606109619 -0.18482469022274017 -0.0888858288526535
v -0.6712375283241272 -0.2007041573524475 0.0010062191868200898
v -0.6214579343795776 -0.02847120352089405 -0.06315519660711288
v -0.6712375283241272 -0.2007041573524475 0.0010062191868200898
v -0.6140332818031311 0.0000857485065353103 0.00011760303459595889
v -0.5907865762710571 -0.008111715316772461 0.033317163586616516
v -0.6290596127510071 0.2789642810821533 -0.0011169351637363434
v -0.6140332818031311 0.0000857485065353103 0.00011760303459595889
v -0.6472125053405762 0 0.3896126449108124
v -0.545307993888855 -0.19820111989974976 0.05264958739280701
v -0.5242401957511902 -0.31488466262817383 0.25052738189697266
v -0.5018312335014343 0.06425385177135468 -0.08722959458827972
v -0.6214579343795776 -0.02847120352089405 -0.06315519660711288
v -0.6039863228797913 0.1963403820991516 -0.06107640266418457
v -0.5913122296333313 0.22613076865673065 -0.31327900290489197
v -0.6039863228797913 0.1963403820991516 -0.06107640266418457
v -0.6290596127510071 0.2789642810821533 -0.0011169351637363434
v -0.5018312335014343 0.06425385177135468 -0.08722959458827972
v -0.6039863228797913 0.1963403820991516 -0.06107640266418457
v -0.5913122296333313 0.22613076865673065 -0.31327900290489197
v -0.44553306698799133 0.17736056447029114 -0.3068877160549164
v -0.5018312335014343 0.06425385177135468 -0.08722959458827972
v -0.5913122296333313 0.22613076865673065 -0.31327900290489197
v -0.5913122296333313 0.22613076865673065 -0.31327900290489197
v -0.6290596127510071 0.2789642810821533 -0.0011169351637363434
v -0.5586894750595093 0.6846281290054321 0
v -0.5064518451690674 -0.7030551433563232 0.2517531216144562
v -0.5309956073760986 -0.6281791925430298 0.15945632755756378
v -0.21832279860973358 -0.5503698587417603 0.11917942017316818
v 0 -0.8829020857810974 0.3140735328197479
v -0.136016845703125 -0.8669074773788452 0.2898849546909332
v -0.062374092638492584 -0.8306840658187866 0.18391333520412445
v 0 -0.8829020857810974 0.3140735328197479
v -0.062374092638492584 -0.8306840658187866 0.18391333520412445
v 0 -0.8586419224739075 0.1855228841304779
v -0.32541295886039734 -0.7716313600540161 0.3098861575126648
v -0.5064518451690674 -0.7030551433563232 0.2517531216144562
v -0.21832279860973358 -0.5503698587417603 0.11917942017316818
v -0.1046450287103653 -0.8059206008911133 0.0586090162396431
v -0.08008919656276703 -0.8517808318138123 0.040599238127470016
v -0.062374092638492584 -0.8306840658187866 0.18391333520412445
v -0.5797973275184631 -0.048597030341625214 -0.08012811839580536
v -0.5018312335014343 0.06425385177135468 -0.08722959458827972
v -0.4894024431705475 -0.18225041031837463 -0.04380516707897186
v -0.483573853969574 -0.5087038278579712 0.1859739124774933
v -0.539222002029419 -0.604026198387146 0.2088073194026947
v -0.5135945081710815 -0.690640926361084 0.28909361362457275
v -0.3313891291618347 -0.3954268991947174 -0.3533238172531128
v -0.32683658599853516 -0.39881542325019836 -0.43271154165267944
v -0.3128660321235657 -0.5205976366996765 -0.46974408626556396
v -0.3313891291618347 -0.3954268991947174 -0.3533238172531128
v -0.3128660321235657 -0.5205976366996765 -0.46974408626556396
v -0.31731390953063965 -0.5357151627540588 -0.39161643385887146
v -0.32516372203826904 -0.3838006854057312 -0.22947990894317627
v -0.3313891291618347 -0.3954268991947174 -0.3533238172531128
v -0.31731390953063965 -0.5357151627540588 -0.39161643385887146
v -0.32516372203826904 -0.3838006854057312 -0.22947990894317627
v -0.31731390953063965 -0.5357151627540588 -0.39161643385887146
v -0.3325002193450928 -0.58376145362854 -0.28589868545532227
v -0.2685399055480957 -0.7190528512001038 -0.4145025908946991
v -0.31731390953063965 -0.5357151627540588 -0.39161643385887146
v -0.3128660321235657 -0.5205976366996765 -0.46974408626556396
v -0.2685399055480957 -0.7190528512001038 -0.4145025908946991
v -0.3128660321235657 -0.5205976366996765 -0.46974408626556396
v -0.2782387435436249 -0.7320173382759094 -0.5011833310127258
v -0.2685399055480957 -0.7190528512001038 -0.4145025908946991
v -0.15576717257499695 -0.8867290019989014 -0.4374130964279175
v -0.15551383793354034 -0.8720411658287048 -0.20904487371444702
v -0.2685399055480957 -0.7190528512001038 -0.4145025908946991
v -0.15551383793354034 -0.8720411658287048 -0.20904487371444702
v -0.30260470509529114 -0.68381267786026 -0.24240607023239136
v -0.15576717257499695 -0.8867290019989014 -0.4374130964279175
v 0 -0.9668174982070923 -0.4352407455444336
v 0 -0.9527906775474548 -0.32481905817985535
v -0.15576717257499695 -0.8867290019989014 -0.4374130964279175
v 0 -0.9527906775474548 -0.32481905817985535
v -0.15551383793354034 -0.8720411658287048 -0.20904487371444702
v -0.5096012949943542 -0.6218186616897583 0.04120740294456482
v -0.21832279860973358 -0.5503698587417603 0.11917942017316818
v -0.5309956073760986 -0.6281791925430298 0.15945632755756378
v 0 -0.8317356705665588 -0.22128985822200775
v 0 -0.9382539391517639 0.10634146630764008
v -0.15551383793354034 -0.8720411658287048 -0.20904487371444702
v 0 -0.8317356705665588 -0.22128985822200775
v -0.15551383793354034 -0.8720411658287048 -0.20904487371444702
v 0 -0.9770881533622742 -0.2317960560321808
v -0.13934734463691711 -0.781542956829071 0.24876737594604492
v -0.136016845703125 -0.8669074773788452 0.2898849546909332
v -0.32541295886039734 -0.7716313600540161 0.3098861575126648
v -0.13934734463691711 -0.781542956829071 0.24876737594604492
v -0.08483143150806427 -0.7307863831520081 0.0929797887802124
v -0.062374092638492584 -0.8306840658187866 0.18391333520412445
v -0.21832279860973358 -0.5503698587417603 0.11917942017316818
v -0.13934734463691711 -0.781542956829071 0.24876737594604492
v -0.32541295886039734 -0.7716313600540161 0.3098861575126648
v -0.4413415193557739 -0.683474600315094 -0.00775712076574564
v -0.25563082098960876 -0.7700029015541077 -0.009007456712424755
v -0.21832279860973358 -0.5503698587417603 0.11917942017316818
v -0.4413415193557739 -0.683474600315094 -0.00775712076574564
v -0.21832279860973358 -0.5503698587417603 0.11917942017316818
v -0.5096012949943542 -0.6218186616897583 0.04120740294456482
v -0.4413415193557739 -0.683474600315094 -0.00775712076574564
v -0.227640762925148 -0.7760658860206604 -0.0739230215549469
v -0.25563082098960876 -0.7700029015541077 -0.009007456712424755
v -0.15551383793354034 -0.8720411658287048 -0.20904487371444702
v -0.227640762925148 -0.7760658860206604 -0.0739230215549469
v -0.30260470509529114 -0.68381267786026 -0.24240607023239136
v -0.08008919656276703 -0.8517808318138123 0.040599238127470016
v -0.25563082098960876 -0.7700029015541077 -0.009007456712424755
v -0.227640762925148 -0.7760658860206604 -0.0739230215549469
v -0.46753567457199097 -0.5766875743865967 -0.2772824466228485
v -0.30260470509529114 -0.68381267786026 -0.24240607023239136
v -0.227640762925148 -0.7760658860206604 -0.0739230215549469
v -0.46753567457199097 -0.5766875743865967 -0.2772824466228485
v -0.227640762925148 -0.7760658860206604 -0.0739230215549469
v -0.4413415193557739 -0.683474600315094 -0.00775712076574564
v -0.6214579343795776 -0.02847120352089405 -0.06315519660711288
v -0.6140332818031311 0.0000857485065353103 0.00011760303459595889
v -0.6290596127510071 0.2789642810821533 -0.0011169351637363434
v -0.6214579343795776 -0.02847120352089405 -0.06315519660711288
v -0.6290596127510071 0.2789642810821533 -0.0011169351637363434
v -0.6039863228797913 0.1963403820991516 -0.06107640266418457
v -0.5854290127754211 -0.41095679998397827 -0.0044302139431238174
v -0.5834563970565796 -0.5144122838973999 0.024461200460791588
v -0.5310873985290527 -0.505061686038971 0.02491694688796997
v -0.5242401957511902 -0.31488466262817383 0.25052738189697266
v -0.49430230259895325 -0.510983943939209 0.5891904830932617
v -0.5420517921447754 -0.27564001083374023 0.6711609363555908
v -0.5834563970565796 -0.5144122838973999 0.024461200460791588
v -0.6493425965309143 -0.3155733346939087 0.0018948353826999664
v -0.6102687120437622 -0.43457719683647156 -0.11513850092887878
v -0.5242401957511902 -0.31488466262817383 0.25052738189697266
v -0.483573853969574 -0.5087038278579712 0.1859739124774933
v -0.47880974411964417 -0.6755752563476562 0.35267794132232666
v -0.5242401957511902 -0.31488466262817383 0.25052738189697266
v -0.47880974411964417 -0.6755752563476562 0.35267794132232666
v -0.49430230259895325 -0.510983943939209 0.5891904830932617
v -0.46753567457199097 -0.5766875743865967 -0.2772824466228485
v -0.3325002193450928 -0.58376145362854 -0.28589868545532227
v -0.30260470509529114 -0.68381267786026 -0.24240607023239136
v -0.6074893474578857 -0.2165868878364563 -0.10858888179063797
v -0.5229066610336304 -0.45580390095710754 -0.08791719377040863
v -0.6102687120437622 -0.43457719683647156 -0.11513850092887878
v -0.6074893474578857 -0.2165868878364563 -0.10858888179063797
v -0.6102687120437622 -0.43457719683647156 -0.11513850092887878
v -0.6444723606109619 -0.18482469022274017 -0.0888858288526535
v -0.44553306698799133 0.17736056447029114 -0.3068877160549164
v -0.4154966473579407 -0.12372078001499176 -0.12398910522460938
v -0.5018312335014343 0.06425385177135468 -0.08722959458827972
v -0.34333884716033936 -0.311695396900177 -0.05395708978176117
v -0.27390509843826294 -0.3236914575099945 -0.11818122118711472
v -0.4261827766895294 -0.4619235396385193 0.0453726164996624
v -0.4224667549133301 -0.45684459805488586 -0.0835181325674057
v -0.5310873985290527 -0.505061686038971 0.02491694688796997
v -0.4261827766895294 -0.4619235396385193 0.0453726164996624
v -0.5229066610336304 -0.45580390095710754 -0.08791719377040863
v -0.6074893474578857 -0.2165868878364563 -0.10858888179063797
v -0.6249778270721436 -0.22307604551315308 -0.006855853833258152
v -0.5229066610336304 -0.45580390095710754 -0.08791719377040863
v -0.6249778270721436 -0.22307604551315308 -0.006855853833258152
v -0.5854290127754211 -0.41095679998397827 -0.0044302139431238174
v -0.5229066610336304 -0.45580390095710754 -0.08791719377040863
v -0.5854290127754211 -0.41095679998397827 -0.0044302139431238174
v -0.5310873985290527 -0.505061686038971 0.02491694688796997
v -0.5797973275184631 -0.048597030341625214 -0.08012811839580536
v -0.4894024431705475 -0.18225041031837463 -0.04380516707897186
v -0.545307993888855 -0.19820111989974976 0.05264958739280701
v -0.5797973275184631 -0.048597030341625214 -0.08012811839580536
v -0.545307993888855 -0.19820111989974976 0.05264958739280701
v -0.5907865762710571 -0.008111715316772461 0.033317163586616516
v -0.6074893474578857 -0.2165868878364563 -0.10858888179063797
v -0.5797973275184631 -0.048597030341625214 -0.08012811839580536
v -0.5907865762710571 -0.008111715316772461 0.033317163586616516
v -0.6074893474578857 -0.2165868878364563 -0.10858888179063797
v -0.5907865762710571 -0.008111715316772461 0.033317163586616516
v -0.6249778270721436 -0.22307604551315308 -0.006855853833258152
v -0.6493425965309143 -0.3155733346939087 0.0018948353826999664
v -0.5854290127754211 -0.41095679998397827 -0.0044302139431238174
v -0.6249778270721436 -0.22307604551315308 -0.006855853833258152
v -0.6493425965309143 -0.3155733346939087 0.0018948353826999664
v -0.6249778270721436 -0.22307604551315308 -0.006855853833258152
v -0.6712375283241272 -0.2007041573524475 0.0010062191868200898
v -0.6712375283241272 -0.2007041573524475 0.0010062191868200898
v -0.6249778270721436 -0.22307604551315308 -0.006855853833258152
v -0.5907865762710571 -0.008111715316772461 0.033317163586616516
v -0.6712375283241272 -0.2007041573524475 0.0010062191868200898
v -0.5907865762710571 -0.008111715316772461 0.033317163586616516
v -0.6140332818031311 0.0000857485065353103 0.00011760303459595889
v -0.6472125053405762 0 0.3896126449108124
v -0.5907865762710571 -0.008111715316772461 0.033317163586616516
v -0.545307993888855 -0.19820111989974976 0.05264958739280701
v -0.483573853969574 -0.5087038278579712 0.1859739124774933
v -0.5135945081710815 -0.690640926361084 0.28909361362457275
v -0.47880974411964417 -0.6755752563476562 0.35267794132232666
v -0.27390509843826294 -0.3236914575099945 -0.11818122118711472
v -0.32516372203826904 -0.3838006854057312 -0.22947990894317627
v -0.4224667549133301 -0.45684459805488586 -0.0835181325674057
v -0.21832279860973358 -0.5503698587417603 0.11917942017316818
v -0.08483143150806427 -0.7307863831520081 0.0929797887802124
v -0.13934734463691711 -0.781542956829071 0.24876737594604492
v -0.3325002193450928 -0.58376145362854 -0.28589868545532227
v -0.46753567457199097 -0.5766875743865967 -0.2772824466228485
v -0.5229066610336304 -0.45580390095710754 -0.08791719377040863
v -0.3325002193450928 -0.58376145362854 -0.28589868545532227
v -0.5229066610336304 -0.45580390095710754 -0.08791719377040863
v -0.4224667549133301 -0.45684459805488586 -0.0835181325674057
v -0.08008919656276703 -0.8517808318138123 0.040599238127470016
v -0.227640762925148 -0.7760658860206604 -0.0739230215549469
v -0.15551383793354034 -0.8720411658287048 -0.20904487371444702
v -0.08483143150806427 -0.7307863831520081 0.0929797887802124
v -0.21832279860973358 -0.5503698587417603 0.11917942017316818
v -0.25563082098960876 -0.7700029015541077 -0.009007456712424755
v -0.1046450287103653 -0.8059206008911133 0.0586090162396431
v -0.08483143150806427 -0.7307863831520081 0.0929797887802124
v -0.25563082098960876 -0.7700029015541077 -0.009007456712424755
v -0.1046450287103653 -0.8059206008911133 0.0586090162396431
v -0.25563082098960876 -0.7700029015541077 -0.009007456712424755
v -0.08008919656276703 -0.8517808318138123 0.040599238127470016
v -0.1046450287103653 -0.8059206008911133 0.0586090162396431
v -0.062374092638492584 -0.8306840658187866 0.18391333520412445
v -0.08483143150806427 -0.7307863831520081 0.0929797887802124
v -0.5907865762710571 -0.008111715316772461 0.033317163586616516
v -0.6472125053405762 0 0.3896126449108124
v -0.6796630620956421 0.33271530270576477 0.38849520683288574
v -0.5907865762710571 -0.008111715316772461 0.033317163586616516
v -0.6796630620956421 0.33271530270576477 0.38849520683288574
v -0.6290596127510071 0.2789642810821533 -0.0011169351637363434
v -0.5420517921447754 -0.27564001083374023 0.6711609363555908
v -0.6472125053405762 0 0.3896126449108124
v -0.5242401957511902 -0.31488466262817383 0.25052738189697266
v -0.4154966473579407 -0.12372078001499176 -0.12398910522460938
v -0.34333884716033936 -0.311695396900177 -0.05395708978176117
v -0.4894024431705475 -0.18225041031837463 -0.04380516707897186
v -0.4154966473579407 -0.12372078001499176 -0.12398910522460938
v -0.4894024431705475 -0.18225041031837463 -0.04380516707897186
v -0.5018312335014343 0.06425385177135468 -0.08722959458827972
v -0.539222002029419 -0.604026198387146 0.2088073194026947
v -0.483573853969574 -0.5087038278579712 0.1859739124774933
v -0.5310873985290527 -0.505061686038971 0.02491694688796997
v -0.539222002029419 -0.604026198387146 0.2088073194026947
v -0.5310873985290527 -0.505061686038971 0.02491694688796997
v -0.5834563970565796 -0.5144122838973999 0.024461200460791588
v -0.5135945081710815 -0.690640926361084 0.28909361362457275
v -0.5064518451690674 -0.7030551433563232 0.2517531216144562
v -0.32541295886039734 -0.7716313600540161 0.3098861575126648
v -0.5229066610336304 -0.45580390095710754 -0.08791719377040863
v -0.5310873985290527 -0.505061686038971 0.02491694688796997
v -0.4224667549133301 -0.45684459805488586 -0.0835181325674057
v -0.5513340830802917 -0.5891851782798767 0.021726369857788086
v -0.5096012949943542 -0.6218186616897583 0.04120740294456482
v -0.5309956073760986 -0.6281791925430298 0.15945632755756378
v -0.4413415193557739 -0.683474600315094 -0.00775712076574564
v -0.5096012949943542 -0.6218186616897583 0.04120740294456482
v -0.5513340830802917 -0.5891851782798767 0.021726369857788086
v -0.5513340830802917 -0.5891851782798767 0.021726369857788086
v -0.6102687120437622 -0.43457719683647156 -0.11513850092887878
v -0.46753567457199097 -0.5766875743865967 -0.2772824466228485
v -0.4413415193557739 -0.683474600315094 -0.00775712076574564
v -0.5513340830802917 -0.5891851782798767 0.021726369857788086
v -0.46753567457199097 -0.5766875743865967 -0.2772824466228485
v -0.4224667549133301 -0.45684459805488586 -0.0835181325674057
v -0.4261827766895294 -0.4619235396385193 0.0453726164996624
v -0.27390509843826294 -0.3236914575099945 -0.11818122118711472
v -0.483573853969574 -0.5087038278579712 0.1859739124774933
v -0.5242401957511902 -0.31488466262817383 0.25052738189697266
v -0.34333884716033936 -0.311695396900177 -0.05395708978176117
v -0.483573853969574 -0.5087038278579712 0.1859739124774933
v -0.34333884716033936 -0.311695396900177 -0.05395708978176117
v -0.4261827766895294 -0.4619235396385193 0.0453726164996624
v -0.34333884716033936 -0.311695396900177 -0.05395708978176117
v -0.545307993888855 -0.19820111989974976 0.05264958739280701
v -0.4894024431705475 -0.18225041031837463 -0.04380516707897186
v -0.5242401957511902 -0.31488466262817383 0.25052738189697266
v -0.545307993888855 -0.19820111989974976 0.05264958739280701
v -0.34333884716033936 -0.311695396900177 -0.05395708978176117
v -0.4154966473579407 -0.12372078001499176 -0.12398910522460938
v -0.27390509843826294 -0.3236914575099945 -0.11818122118711472
v -0.34333884716033936 -0.311695396900177 -0.05395708978176117
v -0.27390509843826294 -0.3236914575099945 -0.11818122118711472
v -0.4154966473579407 -0.12372078001499176 -0.12398910522460938
v -0.1969524621963501 -0.2537607252597809 -0.17673450708389282
v -0.27390509843826294 -0.3236914575099945 -0.11818122118711472
v -0.1969524621963501 -0.2537607252597809 -0.17673450708389282
v -0.32516372203826904 -0.3838006854057312 -0.22947990894317627
v -0.44553306698799133 0.17736056447029114 -0.3068877160549164
v -0.296629399061203 0.17504778504371643 -0.30045121908187866
v -0.1969524621963501 -0.2537607252597809 -0.17673450708389282
v -0.44553306698799133 0.17736056447029114 -0.3068877160549164
v -0.1969524621963501 -0.2537607252597809 -0.17673450708389282
v -0.4154966473579407 -0.12372078001499176 -0.12398910522460938
v -0.1969524621963501 -0.2537607252597809 -0.17673450708389282
v -0.3313891291618347 -0.3954268991947174 -0.3533238172531128
v -0.32516372203826904 -0.3838006854057312 -0.22947990894317627
v -0.3313891291618347 -0.3954268991947174 -0.3533238172531128
v -0.1969524621963501 -0.2537607252597809 -0.17673450708389282
v -0.24009229242801666 -0.39609992504119873 -0.347070574760437
v -0.32683658599853516 -0.39881542325019836 -0.43271154165267944
v -0.3313891291618347 -0.3954268991947174 -0.3533238172531128
v -0.24009229242801666 -0.39609992504119873 -0.347070574760437
v -0.32683658599853516 -0.39881542325019836 -0.43271154165267944
v -0.24009229242801666 -0.39609992504119873 -0.347070574760437
v -0.2617819905281067 -0.39881542325019836 -0.43271154165267944
v -0.32541295886039734 -0.7716313600540161 0.3098861575126648
v -0.136016845703125 -0.8669074773788452 0.2898849546909332
v -0.19607627391815186 -0.8614184260368347 0.4109034538269043
v -0.32541295886039734 -0.7716313600540161 0.3098861575126648
v -0.19607627391815186 -0.8614184260368347 0.4109034538269043
v -0.47880974411964417 -0.6755752563476562 0.35267794132232666
v -0.47880974411964417 -0.6755752563476562 0.35267794132232666
v -0.3770659565925598 -0.5783366560935974 0.710647463798523
v -0.49430230259895325 -0.510983943939209 0.5891904830932617
v -0.22727307677268982 -0.7115769982337952 -0.49628013372421265
v -0.12800364196300507 -0.8664953112602234 -0.5162519812583923
v -0.1613539606332779 -0.8941820859909058 -0.5243310928344727
v -0.22727307677268982 -0.7115769982337952 -0.49628013372421265
v -0.1613539606332779 -0.8941820859909058 -0.5243310928344727
v -0.2782387435436249 -0.7320173382759094 -0.5011833310127258
v -0.12800364196300507 -0.8664953112602234 -0.5162519812583923
v 0 -0.9020387530326843 -0.5248258709907532
v 0 -0.9584779143333435 -0.5259779691696167
v -0.12800364196300507 -0.8664953112602234 -0.5162519812583923
v 0 -0.9584779143333435 -0.5259779691696167
v -0.1613539606332779 -0.8941820859909058 -0.5243310928344727
v -0.2617819905281067 -0.39881542325019836 -0.43271154165267944
v -0.2550049424171448 -0.5012481212615967 -0.4618096947669983
v -0.3128660321235657 -0.5205976366996765 -0.46974408626556396
v -0.2617819905281067 -0.39881542325019836 -0.43271154165267944
v -0.3128660321235657 -0.5205976366996765 -0.46974408626556396
v -0.32683658599853516 -0.39881542325019836 -0.43271154165267944
v -0.2550049424171448 -0.5012481212615967 -0.4618096947669983
v -0.22727307677268982 -0.7115769982337952 -0.49628013372421265
v -0.2782387435436249 -0.7320173382759094 -0.5011833310127258
v -0.2550049424171448 -0.5012481212615967 -0.4618096947669983
v -0.2782387435436249 -0.7320173382759094 -0.5011833310127258
v -0.3128660321235657 -0.5205976366996765 -0.46974408626556396
v -0.2550049424171448 -0.5012481212615967 -0.371387243270874
v -0.22727307677268982 -0.7115769982337952 -0.4058576822280884
v -0.22727307677268982 -0.7115769982337952 -0.49628013372421265
v -0.2550049424171448 -0.5012481212615967 -0.371387243270874
v -0.22727307677268982 -0.7115769982337952 -0.49628013372421265
v -0.2550049424171448 -0.5012481212615967 -0.4618096947669983
v -0.12800364196300507 -0.8664953112602234 -0.42582952976226807
v 0 -0.9020387530326843 -0.4344034194946289
v 0 -0.9020387530326843 -0.5248258709907532
v -0.12800364196300507 -0.8664953112602234 -0.42582952976226807
v 0 -0.9020387530326843 -0.5248258709907532
v -0.12800364196300507 -0.8664953112602234 -0.5162519812583923
v -0.22727307677268982 -0.7115769982337952 -0.4058576822280884
v -0.12800364196300507 -0.8664953112602234 -0.42582952976226807
v -0.12800364196300507 -0.8664953112602234 -0.5162519812583923
v -0.22727307677268982 -0.7115769982337952 -0.4058576822280884
v -0.12800364196300507 -0.8664953112602234 -0.5162519812583923
v -0.22727307677268982 -0.7115769982337952 -0.49628013372421265
v -0.24009229242801666 -0.39609992504119873 -0.347070574760437
v -0.2550049424171448 -0.5012481212615967 -0.371387243270874
v -0.2550049424171448 -0.5012481212615967 -0.4618096947669983
v -0.24009229242801666 -0.39609992504119873 -0.347070574760437
v -0.2550049424171448 -0.5012481212615967 -0.4618096947669983
v -0.2617819905281067 -0.39881542325019836 -0.43271154165267944
v -0.17349576950073242 -0.46909475326538086 -0.24661152064800262
v -0.2550049424171448 -0.5012481212615967 -0.371387243270874
v -0.24009229242801666 -0.39609992504119873 -0.347070574760437
v -0.07612749189138412 -0.8094062805175781 -0.32798367738723755
v 0 -0.838356077671051 -0.3349670171737671
v 0 -0.9020387530326843 -0.4344034194946289
v -0.07612749189138412 -0.8094062805175781 -0.32798367738723755
v 0 -0.9020387530326843 -0.4344034194946289
v -0.12800364196300507 -0.8664953112602234 -0.42582952976226807
v -0.17349576950073242 -0.46909475326538086 -0.24661152064800262
v -0.1394348442554474 -0.6832267642021179 -0.31171679496765137
v -0.22727307677268982 -0.7115769982337952 -0.4058576822280884
v -0.17349576950073242 -0.46909475326538086 -0.24661152064800262
v -0.22727307677268982 -0.7115769982337952 -0.4058576822280884
v -0.2550049424171448 -0.5012481212615967 -0.371387243270874
v -0.1394348442554474 -0.6832267642021179 -0.31171679496765137
v -0.07612749189138412 -0.8094062805175781 -0.32798367738723755
v -0.12800364196300507 -0.8664953112602234 -0.42582952976226807
v -0.1394348442554474 -0.6832267642021179 -0.31171679496765137
v -0.12800364196300507 -0.8664953112602234 -0.42582952976226807
v -0.22727307677268982 -0.7115769982337952 -0.4058576822280884
v 0 -0.46417874097824097 -0.2062409520149231
v 0 -0.6783310770988464 -0.2366723120212555
v -0.1394348442554474 -0.6832267642021179 -0.31171679496765137
v 0 -0.46417874097824097 -0.2062409520149231
v -0.1394348442554474 -0.6832267642021179 -0.31171679496765137
v -0.17349576950073242 -0.46909475326538086 -0.24661152064800262
v 0 -0.6783310770988464 -0.2366723120212555
v -0.07612749189138412 -0.8094062805175781 -0.32798367738723755
v -0.1394348442554474 -0.6832267642021179 -0.31171679496765137
v 0 -0.6783310770988464 -0.2366723120212555
v 0 -0.838356077671051 -0.3349670171737671
v -0.07612749189138412 -0.8094062805175781 -0.32798367738723755
v -0.1969524621963501 -0.2537607252597809 -0.17673450708389282
v -0.17349576950073242 -0.46909475326538086 -0.24661152064800262
v -0.24009229242801666 -0.39609992504119873 -0.347070574760437
v 0 -0.25622671842575073 -0.155731201171875
v 0 -0.46417874097824097 -0.2062409520149231
v -0.17349576950073242 -0.46909475326538086 -0.24661152064800262
v 0 -0.25622671842575073 -0.155731201171875
v -0.17349576950073242 -0.46909475326538086 -0.24661152064800262
v -0.1969524621963501 -0.2537607252597809 -0.17673450708389282
v -0.5309956073760986 -0.6281791925430298 0.15945632755756378
v -0.5064518451690674 -0.7030551433563232 0.2517531216144562
v -0.5135945081710815 -0.690640926361084 0.28909361362457275
v -0.5309956073760986 -0.6281791925430298 0.15945632755756378
v -0.5135945081710815 -0.690640926361084 0.28909361362457275
v -0.539222002029419 -0.604026198387146 0.2088073194026947
v -0.3770659565925598 -0.5783366560935974 0.710647463798523
v -0.47880974411964417 -0.6755752563476562 0.35267794132232666
v -0.19607627391815186 -0.8614184260368347 0.4109034538269043
v -0.3770659565925598 -0.5783366560935974 0.710647463798523
v -0.19607627391815186 -0.8614184260368347 0.4109034538269043
v -0.17888203263282776 -0.6250176429748535 0.7881761193275452
vn -0.809704572811901 0.5833742576570572 0.06366302121777194
vn -0.7720824302120747 0.4766536245167849 0.42034514769749476
vn -0.413871866089263 0.65915522051894 0.6278729757860412
vn -0.809704572811901 0.5833742576570572 0.06366302121777194
vn -0.413871866089263 0.65915522051894 0.6278729757860412
vn -0.404195437575242 0.8923490137367358 0.2008464237332431
vn -0.3622081174100901 0.5339121066757365 -0.7640308514892022
vn -0.3802045209538203 0.4350469876327924 -0.8161976726246584
vn -0.7852237494516258 0.5381723606373798 -0.30625834444651523
vn -0.3622081174100901 0.5339121066757365 -0.7640308514892022
vn -0.7852237494516258 0.5381723606373798 -0.30625834444651523
vn -0.39833710052202925 0.8711410860301363 -0.28712499469383973
vn -0.3802045209538203 0.4350469876327924 -0.8161976726246584
vn -0.6283867617939226 -0.21448772538847916 -0.7477466771974479
vn -0.7852237494516258 0.5381723606373798 -0.30625834444651523
vn -0.8375594818420253 0.1446593736811536 0.5268470176272182
vn -0.7720824302120747 0.4766536245167849 0.42034514769749476
vn -0.809704572811901 0.5833742576570572 0.06366302121777194
vn -0.8375594818420253 0.1446593736811536 0.5268470176272182
vn -0.809704572811901 0.5833742576570572 0.06366302121777194
vn -0.9987314258708221 0.049623753454427155 0.00854529526284399
vn -0.9349416972847426 0.35087397253365155 0.05264482953508934
vn -0.7628610823668229 0.6078229146131892 -0.22044108845958638
vn -0.22468560915317176 0.8529324554818816 0.47119274551410106
vn -0.6283867617939226 -0.21448772538847916 -0.7477466771974479
vn -0.3802045209538203 0.4350469876327924 -0.8161976726246584
vn -0.3622081174100901 0.5339121066757365 -0.7640308514892022
vn -0.6283867617939226 -0.21448772538847916 -0.7477466771974479
vn -0.3622081174100901 0.5339121066757365 -0.7640308514892022
vn -0.25239144702531907 -0.32957379634735723 -0.9097690202626468
vn -0.413871866089263 0.65915522051894 0.6278729757860412
vn -0.7720824302120747 0.4766536245167849 0.42034514769749476
vn -0.8375594818420253 0.1446593736811536 0.5268470176272182
vn -0.413871866089263 0.65915522051894 0.6278729757860412
vn -0.8375594818420253 0.1446593736811536 0.5268470176272182
vn -0.4239081136426641 0.26759007523219935 0.8652730568006518
vn -0.8635669788961675 -0.2724740565415631 0.4242758082567651
vn -0.878435624693441 -0.35396227763126714 0.32103202220889043
vn -0.5745539778272762 -0.5423868438622309 0.612947174043589
vn -0.8635669788961675 -0.2724740565415631 0.4242758082567651
vn -0.5745539778272762 -0.5423868438622309 0.612947174043589
vn -0.4559520631855815 -0.2878540660134368 0.8421684824050015
vn -0.8425419541003594 -0.1255252392644827 0.5238000285302992
vn -0.8635669788961675 -0.2724740565415631 0.4242758082567651
vn -0.4559520631855815 -0.2878540660134368 0.8421684824050015
vn -0.8425419541003594 -0.1255252392644827 0.5238000285302992
vn -0.4559520631855815 -0.2878540660134368 0.8421684824050015
vn -0.43557578584972295 -0.06338921972160393 0.8979173356186428
vn -0.032747242098978724 -0.25205915780875016 -0.9671575875211105
vn 0.07165974947275099 -0.2061591097636642 -0.9758910296580022
vn 0.12091706766338084 0.007141492398372241 -0.992636923469006
vn -0.032747242098978724 -0.25205915780875016 -0.9671575875211105
vn 0.12091706766338084 0.007141492398372241 -0.992636923469006
vn -0.11420300013976765 0.08301233275641264 -0.9899831449925878
vn -0.8635669788961675 -0.2724740565415631 0.4242758082567651
vn -0.8425419541003594 -0.1255252392644827 0.5238000285302992
vn -0.9791187484130818 -0.20328875791635515 -0.000396750332068228
vn -0.4239081136426641 0.26759007523219935 0.8652730568006518
vn -0.8375594818420253 0.1446593736811536 0.5268470176272182
vn -0.8425419541003594 -0.1255252392644827 0.5238000285302992
vn -0.4239081136426641 0.26759007523219935 0.8652730568006518
vn -0.8425419541003594 -0.1255252392644827 0.5238000285302992
vn -0.43557578584972295 -0.06338921972160393 0.8979173356186428
vn -0.8425419541003594 -0.1255252392644827 0.5238000285302992
vn -0.8375594818420253 0.1446593736811536 0.5268470176272182
vn -0.9987314258708221 0.049623753454427155 0.00854529526284399
vn -0.8425419541003594 -0.1255252392644827 0.5238000285302992
vn -0.9987314258708221 0.049623753454427155 0.00854529526284399
vn -0.9791187484130818 -0.20328875791635515 -0.000396750332068228
vn -0.809704572811901 0.5833742576570572 0.06366302121777194
vn -0.7852237494516258 0.5381723606373798 -0.30625834444651523
vn -0.9921745010189671 0.02459835884067099 -0.12241192862670364
vn -0.809704572811901 0.5833742576570572 0.06366302121777194
vn -0.9921745010189671 0.02459835884067099 -0.12241192862670364
vn -0.9987314258708221 0.049623753454427155 0.00854529526284399
vn -0.7852237494516258 0.5381723606373798 -0.30625834444651523
vn -0.809704572811901 0.5833742576570572 0.06366302121777194
vn -0.404195437575242 0.8923490137367358 0.2008464237332431
vn -0.7852237494516258 0.5381723606373798 -0.30625834444651523
vn -0.404195437575242 0.8923490137367358 0.2008464237332431
vn -0.39833710052202925 0.8711410860301363 -0.28712499469383973
vn -0.5745539778272762 -0.5423868438622309 0.612947174043589
vn -0.28001709569826977 -0.637401315015264 0.7178509523107971
vn -0.4559520631855815 -0.2878540660134368 0.8421684824050015
vn -0.3150832545377661 0.18507019282667944 -0.9308445447210747
vn -0.3622081174100901 0.5339121066757365 -0.7640308514892022
vn -0.22904491942844388 0.5913967027971284 -0.77316774687302
vn -0.3150832545377661 0.18507019282667944 -0.9308445447210747
vn -0.22904491942844388 0.5913967027971284 -0.77316774687302
vn -0.04635813010148366 0.1882402567560418 -0.9810283020942431
vn -0.3894553087892678 -0.8217900754756342 -0.41591541724923753
vn -0.8158114411515628 -0.4964574424932778 0.2966170937070956
vn -0.8496339715012715 -0.37496327811397895 0.3708431670356023
vn -0.22904491942844388 0.5913967027971284 -0.77316774687302
vn -0.3622081174100901 0.5339121066757365 -0.7640308514892022
vn -0.39833710052202925 0.8711410860301363 -0.28712499469383973
vn -0.8130002880669093 -0.060305887224207544 -0.5791318775281014
vn -0.46111142680681805 0.8667393967187332 -0.19010278862717103
vn -0.8491726149587115 0.5046387096051099 -0.1557101241803923
vn -0.7294286589272417 0.12482169166359498 -0.6725722093766914
vn -0.7027767727286658 -0.10471303508652409 -0.7036618420776058
vn -0.7147952511688759 -0.10867964609356945 0.6908375231784969
vn -0.7294286589272417 0.12482169166359498 -0.6725722093766914
vn -0.7147952511688759 -0.10867964609356945 0.6908375231784969
vn -0.8616507364462904 0.026032944280253885 0.5068335961572262
vn -0.801678559626677 -0.5900584177402757 -0.09561668624638127
vn -0.9100563959739962 -0.012360335107032548 0.4143001065204581
vn -0.7027767727286658 -0.10471303508652409 -0.7036618420776058
vn -0.5940288844426919 -0.3285409447031082 -0.734295943132849
vn -0.056644096076768305 -0.13654402275042976 -0.9890132335973951
vn -0.7523293727796914 0.1715790695513811 -0.6360512068574342
vn 0.4285250933566955 0.8789021421980724 -0.20951675065081288
vn -0.5074479501350309 -0.006561695496461989 -0.8616574273201428
vn -0.7027767727286658 -0.10471303508652409 -0.7036618420776058
vn -0.4964218646010041 -0.5435431501419108 -0.6768501874712533
vn -0.3492015053156416 -0.7016380524957682 -0.6210976992190805
vn -0.425280708538969 -0.9040610509219116 0.04254333262171101
vn -0.4964218646010041 -0.5435431501419108 -0.6768501874712533
vn -0.425280708538969 -0.9040610509219116 0.04254333262171101
vn -0.6341641786854763 -0.7706778214719149 0.062381807952949994
vn -0.056644096076768305 -0.13654402275042976 -0.9890132335973951
vn 0.7052662288138575 0.10944153802610117 -0.7004442135167948
vn -0.7294286589272417 0.12482169166359498 -0.6725722093766914
vn -0.056644096076768305 -0.13654402275042976 -0.9890132335973951
vn -0.7294286589272417 0.12482169166359498 -0.6725722093766914
vn -0.7523293727796914 0.1715790695513811 -0.6360512068574342
vn -0.4872401692683489 -0.872057629770019 0.04596202575221312
vn -0.6901422736920335 -0.7087288480660664 -0.14631152375030762
vn -0.7183282696337039 -0.6175236465517928 0.32042010391738074
vn -0.4872401692683489 -0.872057629770019 0.04596202575221312
vn -0.7183282696337039 -0.6175236465517928 0.32042010391738074
vn -0.6171871128582759 -0.7491821288431866 0.24042921108645846
vn -0.7089063399091606 -0.23460317730797453 -0.6651414514474351
vn -0.4964218646010041 -0.5435431501419108 -0.6768501874712533
vn -0.6341641786854763 -0.7706778214719149 0.062381807952949994
vn -0.7089063399091606 -0.23460317730797453 -0.6651414514474351
vn -0.6341641786854763 -0.7706778214719149 0.062381807952949994
vn -0.9025695204681577 -0.4305013077014558 0.006073284878566223
vn -0.5345424723097442 -0.8348810821130159 0.13129327487265285
vn -0.48611280132051193 -0.8736784424007914 -0.019501889048278903
vn -0.47546295051604237 -0.7884401798442463 0.3902525662872088
vn -0.404195437575242 0.8923490137367358 0.2008464237332431
vn -0.413871866089263 0.65915522051894 0.6278729757860412
vn -0.29680215019974376 0.7022842459042601 0.6470744328062216
vn -0.404195437575242 0.8923490137367358 0.2008464237332431
vn -0.29680215019974376 0.7022842459042601 0.6470744328062216
vn -0.2632575909897584 0.9331514171015713 0.24479353248727423
vn -0.11499585245580501 0.6302493233407702 -0.7678292416588888
vn -0.22904491942844388 0.5913967027971284 -0.77316774687302
vn -0.39833710052202925 0.8711410860301363 -0.28712499469383973
vn -0.11499585245580501 0.6302493233407702 -0.7678292416588888
vn -0.39833710052202925 0.8711410860301363 -0.28712499469383973
vn -0.2259344127734461 0.9225069734090496 -0.31294492348717373
vn -0.17060179267507322 -0.6850623786957896 0.7082263519749304
vn -0.28001709569826977 -0.637401315015264 0.7178509523107971
vn -0.32539992952538094 -0.9196165042390817 0.22004629284759156
vn -0.17060179267507322 -0.6850623786957896 0.7082263519749304
vn -0.32539992952538094 -0.9196165042390817 0.22004629284759156
vn -0.1272658632899929 -0.9913309245384827 0.032655751326982646
vn -0.22904491942844388 0.5913967027971284 -0.77316774687302
vn -0.11499585245580501 0.6302493233407702 -0.7678292416588888
vn -0.04635813010148366 0.1882402567560418 -0.9810283020942431
vn -0.29680215019974376 0.7022842459042601 0.6470744328062216
vn -0.413871866089263 0.65915522051894 0.6278729757860412
vn -0.4239081136426641 0.26759007523219935 0.8652730568006518
vn -0.29680215019974376 0.7022842459042601 0.6470744328062216
vn -0.4239081136426641 0.26759007523219935 0.8652730568006518
vn -0.27683889978206283 0.31260731943136355 0.9086456335697621
vn -0.4559520631855815 -0.2878540660134368 0.8421684824050015
vn -0.28001709569826977 -0.637401315015264 0.7178509523107971
vn -0.17060179267507322 -0.6850623786957896 0.7082263519749304
vn -0.4559520631855815 -0.2878540660134368 0.8421684824050015
vn -0.17060179267507322 -0.6850623786957896 0.7082263519749304
vn -0.2700041808682307 -0.302202043471123 0.9142054841421339
vn -0.43557578584972295 -0.06338921972160393 0.8979173356186428
vn -0.4559520631855815 -0.2878540660134368 0.8421684824050015
vn -0.2700041808682307 -0.302202043471123 0.9142054841421339
vn -0.43557578584972295 -0.06338921972160393 0.8979173356186428
vn -0.2700041808682307 -0.302202043471123 0.9142054841421339
vn -0.2704330191343591 -0.04132336082592576 0.9618515280498992
vn -0.27683889978206283 0.31260731943136355 0.9086456335697621
vn -0.4239081136426641 0.26759007523219935 0.8652730568006518
vn -0.43557578584972295 -0.06338921972160393 0.8979173356186428
vn -0.27683889978206283 0.31260731943136355 0.9086456335697621
vn -0.43557578584972295 -0.06338921972160393 0.8979173356186428
vn -0.2704330191343591 -0.04132336082592576 0.9618515280498992
vn -0.32539992952538094 -0.9196165042390817 0.22004629284759156
vn -0.35316242759527794 -0.8496406906935552 -0.39164651977617343
vn -0.1272658632899929 -0.9913309245384827 0.032655751326982646
vn -0.39833710052202925 0.8711410860301363 -0.28712499469383973
vn -0.404195437575242 0.8923490137367358 0.2008464237332431
vn -0.2632575909897584 0.9331514171015713 0.24479353248727423
vn -0.39833710052202925 0.8711410860301363 -0.28712499469383973
vn -0.2632575909897584 0.9331514171015713 0.24479353248727423
vn -0.2259344127734461 0.9225069734090496 -0.31294492348717373
vn -0.04635813010148366 0.1882402567560418 -0.9810283020942431
vn 0.07165974947275099 -0.2061591097636642 -0.9758910296580022
vn -0.032747242098978724 -0.25205915780875016 -0.9671575875211105
vn -0.04635813010148366 0.1882402567560418 -0.9810283020942431
vn -0.032747242098978724 -0.25205915780875016 -0.9671575875211105
vn -0.3150832545377661 0.18507019282667944 -0.9308445447210747
vn -0.032747242098978724 -0.25205915780875016 -0.9671575875211105
vn -0.25239144702531907 -0.32957379634735723 -0.9097690202626468
vn -0.3150832545377661 0.18507019282667944 -0.9308445447210747
vn -0.25239144702531907 -0.32957379634735723 -0.9097690202626468
vn -0.3622081174100901 0.5339121066757365 -0.7640308514892022
vn -0.3150832545377661 0.18507019282667944 -0.9308445447210747
vn 0.6625814615193472 0.3311686604439066 0.6717984260108641
vn -0.7147952511688759 -0.10867964609356945 0.6908375231784969
vn -0.9100563959739962 -0.012360335107032548 0.4143001065204581
vn -0.548825883932353 -0.478296151731937 -0.6855821908161642
vn -0.6901422736920335 -0.7087288480660664 -0.14631152375030762
vn -0.35316242759527794 -0.8496406906935552 -0.39164651977617343
vn -0.5345424723097442 -0.8348810821130159 0.13129327487265285
vn -0.6171871128582759 -0.7491821288431866 0.24042921108645846
vn -0.7183282696337039 -0.6175236465517928 0.32042010391738074
vn -0.9043942007617958 0.18134272220602493 0.3862459666214535
vn -0.9100563959739962 -0.012360335107032548 0.4143001065204581
vn -0.801678559626677 -0.5900584177402757 -0.09561668624638127
vn -0.9043942007617958 0.18134272220602493 0.3862459666214535
vn -0.801678559626677 -0.5900584177402757 -0.09561668624638127
vn -0.5845300461824019 -0.7843989008491562 -0.20746804442283293
vn -0.708929447027386 -0.6593053000707554 -0.25047067779693466
vn -0.8130002880669093 -0.060305887224207544 -0.5791318775281014
vn -0.9887038666681649 -0.13806940058433886 -0.05832241985464144
vn -0.708929447027386 -0.6593053000707554 -0.25047067779693466
vn -0.9887038666681649 -0.13806940058433886 -0.05832241985464144
vn -0.9025695204681577 -0.4305013077014558 0.006073284878566223
vn -0.7523293727796914 0.1715790695513811 -0.6360512068574342
vn -0.7294286589272417 0.12482169166359498 -0.6725722093766914
vn -0.8616507364462904 0.026032944280253885 0.5068335961572262
vn -0.7523293727796914 0.1715790695513811 -0.6360512068574342
vn -0.8616507364462904 0.026032944280253885 0.5068335961572262
vn -0.9294186421588848 0.03173952037517291 0.36765961221473425
vn -0.9165607868123846 -0.2669843313314821 0.29771746825025897
vn -0.9921745010189671 0.02459835884067099 -0.12241192862670364
vn -0.9294186421588848 0.03173952037517291 0.36765961221473425
vn -0.9791187484130818 -0.20328875791635515 -0.000396750332068228
vn -0.8251192076867757 -0.4983187914259256 -0.2661891718649581
vn -0.9483048821771917 -0.26887763569989914 -0.16859023536176412
vn -0.5940288844426919 -0.3285409447031082 -0.734295943132849
vn -0.7523293727796914 0.1715790695513811 -0.6360512068574342
vn -0.9476361882155535 -0.22016191509005692 -0.23133176592974564
vn -0.6283867617939226 -0.21448772538847916 -0.7477466771974479
vn -0.9476361882155535 -0.22016191509005692 -0.23133176592974564
vn -0.9921745010189671 0.02459835884067099 -0.12241192862670364
vn -0.5940288844426919 -0.3285409447031082 -0.734295943132849
vn -0.9476361882155535 -0.22016191509005692 -0.23133176592974564
vn -0.6283867617939226 -0.21448772538847916 -0.7477466771974479
vn -0.25239144702531907 -0.32957379634735723 -0.9097690202626468
vn -0.5940288844426919 -0.3285409447031082 -0.734295943132849
vn -0.6283867617939226 -0.21448772538847916 -0.7477466771974479
vn -0.6283867617939226 -0.21448772538847916 -0.7477466771974479
vn -0.9921745010189671 0.02459835884067099 -0.12241192862670364
vn -0.7852237494516258 0.5381723606373798 -0.30625834444651523
vn -0.5384143396378667 -0.7947119783299451 -0.2802550095381434
vn -0.5845300461824019 -0.7843989008491562 -0.20746804442283293
vn -0.37453519988470063 -0.9265106839856267 0.03607404202211805
vn -0.1272658632899929 -0.9913309245384827 0.032655751326982646
vn -0.35316242759527794 -0.8496406906935552 -0.39164651977617343
vn -0.6901422736920335 -0.7087288480660664 -0.14631152375030762
vn -0.1272658632899929 -0.9913309245384827 0.032655751326982646
vn -0.6901422736920335 -0.7087288480660664 -0.14631152375030762
vn -0.4872401692683489 -0.872057629770019 0.04596202575221312
vn -0.3894553087892678 -0.8217900754756342 -0.41591541724923753
vn -0.5384143396378667 -0.7947119783299451 -0.2802550095381434
vn -0.37453519988470063 -0.9265106839856267 0.03607404202211805
vn -0.6996255382900871 -0.37196984174126924 0.610051262606087
vn -0.7183282696337039 -0.6175236465517928 0.32042010391738074
vn -0.6901422736920335 -0.7087288480660664 -0.14631152375030762
vn -0.056644096076768305 -0.13654402275042976 -0.9890132335973951
vn -0.5940288844426919 -0.3285409447031082 -0.734295943132849
vn -0.6427294358812297 -0.47203684974414617 -0.6033904910880006
vn -0.9349416972847426 0.35087397253365155 0.05264482953508934
vn -0.9043942007617958 0.18134272220602493 0.3862459666214535
vn -0.8496339715012715 -0.37496327811397895 0.3708431670356023
vn -0.7854921050749746 0.5889512768336796 -0.1901014107808343
vn -0.6055983493585847 0.6078262518403854 -0.5136125843744735
vn -0.6796556180823895 0.05063083444285225 -0.7317819070000744
vn -0.7854921050749746 0.5889512768336796 -0.1901014107808343
vn -0.6796556180823895 0.05063083444285225 -0.7317819070000744
vn -0.9887038666681649 -0.13806940058433886 -0.05832241985464144
vn -0.8491726149587115 0.5046387096051099 -0.1557101241803923
vn -0.7854921050749746 0.5889512768336796 -0.1901014107808343
vn -0.9887038666681649 -0.13806940058433886 -0.05832241985464144
vn -0.8491726149587115 0.5046387096051099 -0.1557101241803923
vn -0.9887038666681649 -0.13806940058433886 -0.05832241985464144
vn -0.8130002880669093 -0.060305887224207544 -0.5791318775281014
vn -0.9025695204681577 -0.4305013077014558 0.006073284878566223
vn -0.9887038666681649 -0.13806940058433886 -0.05832241985464144
vn -0.6796556180823895 0.05063083444285225 -0.7317819070000744
vn -0.9025695204681577 -0.4305013077014558 0.006073284878566223
vn -0.6796556180823895 0.05063083444285225 -0.7317819070000744
vn -0.7089063399091606 -0.23460317730797453 -0.6651414514474351
vn -0.9025695204681577 -0.4305013077014558 0.006073284878566223
vn -0.6341641786854763 -0.7706778214719149 0.062381807952949994
vn -0.5345424723097442 -0.8348810821130159 0.13129327487265285
vn -0.9025695204681577 -0.4305013077014558 0.006073284878566223
vn -0.5345424723097442 -0.8348810821130159 0.13129327487265285
vn -0.708929447027386 -0.6593053000707554 -0.25047067779693466
vn -0.6341641786854763 -0.7706778214719149 0.062381807952949994
vn -0.425280708538969 -0.9040610509219116 0.04254333262171101
vn -0.48611280132051193 -0.8736784424007914 -0.019501889048278903
vn -0.6341641786854763 -0.7706778214719149 0.062381807952949994
vn -0.48611280132051193 -0.8736784424007914 -0.019501889048278903
vn -0.5345424723097442 -0.8348810821130159 0.13129327487265285
vn -0.3921089420129784 -0.9071486382589494 0.15274791552880995
vn -0.37453519988470063 -0.9265106839856267 0.03607404202211805
vn -0.5845300461824019 -0.7843989008491562 -0.20746804442283293
vn 0.2529121663174972 -0.8198663676073757 0.51366776752574
vn -0.6171871128582759 -0.7491821288431866 0.24042921108645846
vn -0.5345424723097442 -0.8348810821130159 0.13129327487265285
vn 0.2529121663174972 -0.8198663676073757 0.51366776752574
vn -0.5345424723097442 -0.8348810821130159 0.13129327487265285
vn -0.47546295051604237 -0.7884401798442463 0.3902525662872088
vn -0.548825883932353 -0.478296151731937 -0.6855821908161642
vn -0.35316242759527794 -0.8496406906935552 -0.39164651977617343
vn -0.3894553087892678 -0.8217900754756342 -0.41591541724923753
vn -0.548825883932353 -0.478296151731937 -0.6855821908161642
vn -0.8560812142119862 -0.4164892571977118 0.3060419143062421
vn -0.6901422736920335 -0.7087288480660664 -0.14631152375030762
vn -0.37453519988470063 -0.9265106839856267 0.03607404202211805
vn -0.548825883932353 -0.478296151731937 -0.6855821908161642
vn -0.3894553087892678 -0.8217900754756342 -0.41591541724923753
vn -0.4740286456600482 -0.8351657438914059 0.27891759235303765
vn -0.4211945428116433 -0.8164478317299441 0.39497860090030656
vn -0.37453519988470063 -0.9265106839856267 0.03607404202211805
vn -0.4740286456600482 -0.8351657438914059 0.27891759235303765
vn -0.37453519988470063 -0.9265106839856267 0.03607404202211805
vn -0.3921089420129784 -0.9071486382589494 0.15274791552880995
vn -0.4740286456600482 -0.8351657438914059 0.27891759235303765
vn -0.5591132615600329 -0.8285680375844711 -0.02945110933599503
vn -0.4211945428116433 -0.8164478317299441 0.39497860090030656
vn -0.5345424723097442 -0.8348810821130159 0.13129327487265285
vn -0.5591132615600329 -0.8285680375844711 -0.02945110933599503
vn -0.708929447027386 -0.6593053000707554 -0.25047067779693466
vn -0.7183282696337039 -0.6175236465517928 0.32042010391738074
vn -0.4211945428116433 -0.8164478317299441 0.39497860090030656
vn -0.5591132615600329 -0.8285680375844711 -0.02945110933599503
vn -0.5074479501350309 -0.006561695496461989 -0.8616574273201428
vn -0.708929447027386 -0.6593053000707554 -0.25047067779693466
vn -0.5591132615600329 -0.8285680375844711 -0.02945110933599503
vn -0.5074479501350309 -0.006561695496461989 -0.8616574273201428
vn -0.5591132615600329 -0.8285680375844711 -0.02945110933599503
vn -0.4740286456600482 -0.8351657438914059 0.27891759235303765
vn -0.7523293727796914 0.1715790695513811 -0.6360512068574342
vn -0.9294186421588848 0.03173952037517291 0.36765961221473425
vn -0.9921745010189671 0.02459835884067099 -0.12241192862670364
vn -0.7523293727796914 0.1715790695513811 -0.6360512068574342
vn -0.9921745010189671 0.02459835884067099 -0.12241192862670364
vn -0.9476361882155535 -0.22016191509005692 -0.23133176592974564
vn 0.6625814615193472 0.3311686604439066 0.6717984260108641
vn -0.9100563959739962 -0.012360335107032548 0.4143001065204581
vn -0.22468560915317176 0.8529324554818816 0.47119274551410106
vn -0.9483048821771917 -0.26887763569989914 -0.16859023536176412
vn -0.878435624693441 -0.35396227763126714 0.32103202220889043
vn -0.8635669788961675 -0.2724740565415631 0.4242758082567651
vn -0.9100563959739962 -0.012360335107032548 0.4143001065204581
vn -0.7147952511688759 -0.10867964609356945 0.6908375231784969
vn -0.7027767727286658 -0.10471303508652409 -0.7036618420776058
vn -0.9483048821771917 -0.26887763569989914 -0.16859023536176412
vn -0.9349416972847426 0.35087397253365155 0.05264482953508934
vn -0.8158114411515628 -0.4964574424932778 0.2966170937070956
vn -0.9483048821771917 -0.26887763569989914 -0.16859023536176412
vn -0.8158114411515628 -0.4964574424932778 0.2966170937070956
vn -0.878435624693441 -0.35396227763126714 0.32103202220889043
vn -0.5074479501350309 -0.006561695496461989 -0.8616574273201428
vn -0.8130002880669093 -0.060305887224207544 -0.5791318775281014
vn -0.708929447027386 -0.6593053000707554 -0.25047067779693466
vn 0.7052662288138575 0.10944153802610117 -0.7004442135167948
vn 0.4285250933566955 0.8789021421980724 -0.20951675065081288
vn -0.7027767727286658 -0.10471303508652409 -0.7036618420776058
vn 0.7052662288138575 0.10944153802610117 -0.7004442135167948
vn -0.7027767727286658 -0.10471303508652409 -0.7036618420776058
vn -0.7294286589272417 0.12482169166359498 -0.6725722093766914
vn -0.25239144702531907 -0.32957379634735723 -0.9097690202626468
vn -0.5273169781224377 -0.3556444283560821 -0.7716565590747585
vn -0.5940288844426919 -0.3285409447031082 -0.734295943132849
vn -0.6980390389329524 -0.3311351760122786 -0.6348944757460703
vn -0.8032109637561096 0.2834646754249368 -0.5239274047883132
vn -0.7628610823668229 0.6078229146131892 -0.22044108845958638
vn -0.46111142680681805 0.8667393967187332 -0.19010278862717103
vn -0.22468560915317176 0.8529324554818816 0.47119274551410106
vn -0.7628610823668229 0.6078229146131892 -0.22044108845958638
vn 0.4285250933566955 0.8789021421980724 -0.20951675065081288
vn 0.7052662288138575 0.10944153802610117 -0.7004442135167948
vn 0.5870295506444612 0.04486266700048825 0.8083215002582606
vn 0.4285250933566955 0.8789021421980724 -0.20951675065081288
vn 0.5870295506444612 0.04486266700048825 0.8083215002582606
vn 0.6625814615193472 0.3311686604439066 0.6717984260108641
vn 0.4285250933566955 0.8789021421980724 -0.20951675065081288
vn 0.6625814615193472 0.3311686604439066 0.6717984260108641
vn -0.22468560915317176 0.8529324554818816 0.47119274551410106
vn -0.056644096076768305 -0.13654402275042976 -0.9890132335973951
vn -0.6427294358812297 -0.47203684974414617 -0.6033904910880006
vn -0.8251192076867757 -0.4983187914259256 -0.2661891718649581
vn -0.056644096076768305 -0.13654402275042976 -0.9890132335973951
vn -0.8251192076867757 -0.4983187914259256 -0.2661891718649581
vn -0.9165607868123846 -0.2669843313314821 0.29771746825025897
vn 0.7052662288138575 0.10944153802610117 -0.7004442135167948
vn -0.056644096076768305 -0.13654402275042976 -0.9890132335973951
vn -0.9165607868123846 -0.2669843313314821 0.29771746825025897
vn 0.7052662288138575 0.10944153802610117 -0.7004442135167948
vn -0.9165607868123846 -0.2669843313314821 0.29771746825025897
vn 0.5870295506444612 0.04486266700048825 0.8083215002582606
vn -0.7147952511688759 -0.10867964609356945 0.6908375231784969
vn 0.6625814615193472 0.3311686604439066 0.6717984260108641
vn 0.5870295506444612 0.04486266700048825 0.8083215002582606
vn -0.7147952511688759 -0.10867964609356945 0.6908375231784969
vn 0.5870295506444612 0.04486266700048825 0.8083215002582606
vn -0.8616507364462904 0.026032944280253885 0.5068335961572262
vn -0.8616507364462904 0.026032944280253885 0.5068335961572262
vn 0.5870295506444612 0.04486266700048825 0.8083215002582606
vn -0.9165607868123846 -0.2669843313314821 0.29771746825025897
vn -0.8616507364462904 0.026032944280253885 0.5068335961572262
vn -0.9165607868123846 -0.2669843313314821 0.29771746825025897
vn -0.9294186421588848 0.03173952037517291 0.36765961221473425
vn -0.9791187484130818 -0.20328875791635515 -0.000396750332068228
vn -0.9165607868123846 -0.2669843313314821 0.29771746825025897
vn -0.8251192076867757 -0.4983187914259256 -0.2661891718649581
vn -0.9349416972847426 0.35087397253365155 0.05264482953508934
vn -0.8496339715012715 -0.37496327811397895 0.3708431670356023
vn -0.8158114411515628 -0.4964574424932778 0.2966170937070956
vn -0.8032109637561096 0.2834646754249368 -0.5239274047883132
vn -0.8491726149587115 0.5046387096051099 -0.1557101241803923
vn -0.46111142680681805 0.8667393967187332 -0.19010278862717103
vn -0.37453519988470063 -0.9265106839856267 0.03607404202211805
vn -0.8560812142119862 -0.4164892571977118 0.3060419143062421
vn -0.548825883932353 -0.478296151731937 -0.6855821908161642
vn -0.8130002880669093 -0.060305887224207544 -0.5791318775281014
vn -0.5074479501350309 -0.006561695496461989 -0.8616574273201428
vn 0.4285250933566955 0.8789021421980724 -0.20951675065081288
vn -0.8130002880669093 -0.060305887224207544 -0.5791318775281014
vn 0.4285250933566955 0.8789021421980724 -0.20951675065081288
vn -0.46111142680681805 0.8667393967187332 -0.19010278862717103
vn -0.7183282696337039 -0.6175236465517928 0.32042010391738074
vn -0.5591132615600329 -0.8285680375844711 -0.02945110933599503
vn -0.5345424723097442 -0.8348810821130159 0.13129327487265285
vn -0.8560812142119862 -0.4164892571977118 0.3060419143062421
vn -0.37453519988470063 -0.9265106839856267 0.03607404202211805
vn -0.4211945428116433 -0.8164478317299441 0.39497860090030656
vn -0.6996255382900871 -0.37196984174126924 0.610051262606087
vn -0.8560812142119862 -0.4164892571977118 0.3060419143062421
vn -0.4211945428116433 -0.8164478317299441 0.39497860090030656
vn -0.6996255382900871 -0.37196984174126924 0.610051262606087
vn -0.4211945428116433 -0.8164478317299441 0.39497860090030656
vn -0.7183282696337039 -0.6175236465517928 0.32042010391738074
vn -0.6996255382900871 -0.37196984174126924 0.610051262606087
vn -0.6901422736920335 -0.7087288480660664 -0.14631152375030762
vn -0.8560812142119862 -0.4164892571977118 0.3060419143062421
vn -0.9165607868123846 -0.2669843313314821 0.29771746825025897
vn -0.9791187484130818 -0.20328875791635515 -0.000396750332068228
vn -0.9987314258708221 0.049623753454427155 0.00854529526284399
vn -0.9165607868123846 -0.2669843313314821 0.29771746825025897
vn -0.9987314258708221 0.049623753454427155 0.00854529526284399
vn -0.9921745010189671 0.02459835884067099 -0.12241192862670364
vn -0.8635669788961675 -0.2724740565415631 0.4242758082567651
vn -0.9791187484130818 -0.20328875791635515 -0.000396750332068228
vn -0.9483048821771917 -0.26887763569989914 -0.16859023536176412
vn -0.5273169781224377 -0.3556444283560821 -0.7716565590747585
vn -0.6980390389329524 -0.3311351760122786 -0.6348944757460703
vn -0.6427294358812297 -0.47203684974414617 -0.6033904910880006
vn -0.5273169781224377 -0.3556444283560821 -0.7716565590747585
vn -0.6427294358812297 -0.47203684974414617 -0.6033904910880006
vn -0.5940288844426919 -0.3285409447031082 -0.734295943132849
vn -0.9043942007617958 0.18134272220602493 0.3862459666214535
vn -0.9349416972847426 0.35087397253365155 0.05264482953508934
vn -0.22468560915317176 0.8529324554818816 0.47119274551410106
vn -0.9043942007617958 0.18134272220602493 0.3862459666214535
vn -0.22468560915317176 0.8529324554818816 0.47119274551410106
vn -0.9100563959739962 -0.012360335107032548 0.4143001065204581
vn -0.8496339715012715 -0.37496327811397895 0.3708431670356023
vn -0.5384143396378667 -0.7947119783299451 -0.2802550095381434
vn -0.3894553087892678 -0.8217900754756342 -0.41591541724923753
vn 0.4285250933566955 0.8789021421980724 -0.20951675065081288
vn -0.22468560915317176 0.8529324554818816 0.47119274551410106
vn -0.46111142680681805 0.8667393967187332 -0.19010278862717103
vn -0.801678559626677 -0.5900584177402757 -0.09561668624638127
vn -0.3921089420129784 -0.9071486382589494 0.15274791552880995
vn -0.5845300461824019 -0.7843989008491562 -0.20746804442283293
vn -0.4740286456600482 -0.8351657438914059 0.27891759235303765
vn -0.3921089420129784 -0.9071486382589494 0.15274791552880995
vn -0.801678559626677 -0.5900584177402757 -0.09561668624638127
vn -0.801678559626677 -0.5900584177402757 -0.09561668624638127
vn -0.7027767727286658 -0.10471303508652409 -0.7036618420776058
vn -0.5074479501350309 -0.006561695496461989 -0.8616574273201428
vn -0.4740286456600482 -0.8351657438914059 0.27891759235303765
vn -0.801678559626677 -0.5900584177402757 -0.09561668624638127
vn -0.5074479501350309 -0.006561695496461989 -0.8616574273201428
vn -0.46111142680681805 0.8667393967187332 -0.19010278862717103
vn -0.7628610823668229 0.6078229146131892 -0.22044108845958638
vn -0.8032109637561096 0.2834646754249368 -0.5239274047883132
vn -0.9349416972847426 0.35087397253365155 0.05264482953508934
vn -0.9483048821771917 -0.26887763569989914 -0.16859023536176412
vn -0.6980390389329524 -0.3311351760122786 -0.6348944757460703
vn -0.9349416972847426 0.35087397253365155 0.05264482953508934
vn -0.6980390389329524 -0.3311351760122786 -0.6348944757460703
vn -0.7628610823668229 0.6078229146131892 -0.22044108845958638
vn -0.6980390389329524 -0.3311351760122786 -0.6348944757460703
vn -0.8251192076867757 -0.4983187914259256 -0.2661891718649581
vn -0.6427294358812297 -0.47203684974414617 -0.6033904910880006
vn -0.9483048821771917 -0.26887763569989914 -0.16859023536176412
vn -0.8251192076867757 -0.4983187914259256 -0.2661891718649581
vn -0.6980390389329524 -0.3311351760122786 -0.6348944757460703
vn -0.5273169781224377 -0.3556444283560821 -0.7716565590747585
vn -0.8032109637561096 0.2834646754249368 -0.5239274047883132
vn -0.6980390389329524 -0.3311351760122786 -0.6348944757460703
vn -0.8032109637561096 0.2834646754249368 -0.5239274047883132
vn -0.5273169781224377 -0.3556444283560821 -0.7716565590747585
vn -0.11420300013976765 0.08301233275641264 -0.9899831449925878
vn -0.8032109637561096 0.2834646754249368 -0.5239274047883132
vn -0.11420300013976765 0.08301233275641264 -0.9899831449925878
vn -0.8491726149587115 0.5046387096051099 -0.1557101241803923
vn -0.25239144702531907 -0.32957379634735723 -0.9097690202626468
vn -0.032747242098978724 -0.25205915780875016 -0.9671575875211105
vn -0.11420300013976765 0.08301233275641264 -0.9899831449925878
vn -0.25239144702531907 -0.32957379634735723 -0.9097690202626468
vn -0.11420300013976765 0.08301233275641264 -0.9899831449925878
vn -0.5273169781224377 -0.3556444283560821 -0.7716565590747585
vn -0.11420300013976765 0.08301233275641264 -0.9899831449925878
vn -0.7854921050749746 0.5889512768336796 -0.1901014107808343
vn -0.8491726149587115 0.5046387096051099 -0.1557101241803923
vn -0.7854921050749746 0.5889512768336796 -0.1901014107808343
vn -0.11420300013976765 0.08301233275641264 -0.9899831449925878
vn 0.6732254213746299 0.5514533779443296 -0.49261212324580517
vn -0.6055983493585847 0.6078262518403854 -0.5136125843744735
vn -0.7854921050749746 0.5889512768336796 -0.1901014107808343
vn 0.6732254213746299 0.5514533779443296 -0.49261212324580517
vn -0.6055983493585847 0.6078262518403854 -0.5136125843744735
vn 0.6732254213746299 0.5514533779443296 -0.49261212324580517
vn 0.5389360201853223 0.6511850372056878 -0.5343276274592519
vn -0.3894553087892678 -0.8217900754756342 -0.41591541724923753
vn -0.35316242759527794 -0.8496406906935552 -0.39164651977617343
vn -0.32539992952538094 -0.9196165042390817 0.22004629284759156
vn -0.3894553087892678 -0.8217900754756342 -0.41591541724923753
vn -0.32539992952538094 -0.9196165042390817 0.22004629284759156
vn -0.8158114411515628 -0.4964574424932778 0.2966170937070956
vn -0.8158114411515628 -0.4964574424932778 0.2966170937070956
vn -0.5745539778272762 -0.5423868438622309 0.612947174043589
vn -0.878435624693441 -0.35396227763126714 0.32103202220889043
vn 0.6103639169290812 0.34185141878017244 -0.7145582526211369
vn 0.3459369420135391 0.5658899945288332 -0.7483957150080957
vn -0.4964218646010041 -0.5435431501419108 -0.6768501874712533
vn 0.6103639169290812 0.34185141878017244 -0.7145582526211369
vn -0.4964218646010041 -0.5435431501419108 -0.6768501874712533
vn -0.7089063399091606 -0.23460317730797453 -0.6651414514474351
vn 0.3459369420135391 0.5658899945288332 -0.7483957150080957
vn 0.1628816696447024 0.660560417993777 -0.7328911896548088
vn -0.3492015053156416 -0.7016380524957682 -0.6210976992190805
vn 0.3459369420135391 0.5658899945288332 -0.7483957150080957
vn -0.3492015053156416 -0.7016380524957682 -0.6210976992190805
vn -0.4964218646010041 -0.5435431501419108 -0.6768501874712533
vn 0.5389360201853223 0.6511850372056878 -0.5343276274592519
vn 0.6735330452332375 0.20878334693585604 -0.7090576499982943
vn -0.6796556180823895 0.05063083444285225 -0.7317819070000744
vn 0.5389360201853223 0.6511850372056878 -0.5343276274592519
vn -0.6796556180823895 0.05063083444285225 -0.7317819070000744
vn -0.6055983493585847 0.6078262518403854 -0.5136125843744735
vn 0.6735330452332375 0.20878334693585604 -0.7090576499982943
vn 0.6103639169290812 0.34185141878017244 -0.7145582526211369
vn -0.7089063399091606 -0.23460317730797453 -0.6651414514474351
vn 0.6735330452332375 0.20878334693585604 -0.7090576499982943
vn -0.7089063399091606 -0.23460317730797453 -0.6651414514474351
vn -0.6796556180823895 0.05063083444285225 -0.7317819070000744
vn 0.9333295497327515 0.11151612939870946 -0.341262515491505
vn 0.8734877129194127 0.3625671573695869 -0.3249065585299114
vn 0.6103639169290812 0.34185141878017244 -0.7145582526211369
vn 0.9333295497327515 0.11151612939870946 -0.341262515491505
vn 0.6103639169290812 0.34185141878017244 -0.7145582526211369
vn 0.6735330452332375 0.20878334693585604 -0.7090576499982943
vn 0.5595106433384127 0.7704906767268106 -0.3054373210138161
vn 0.2533073272558068 0.9312554036342229 -0.2619136711983173
vn 0.1628816696447024 0.660560417993777 -0.7328911896548088
vn 0.5595106433384127 0.7704906767268106 -0.3054373210138161
vn 0.1628816696447024 0.660560417993777 -0.7328911896548088
vn 0.3459369420135391 0.5658899945288332 -0.7483957150080957
vn 0.8734877129194127 0.3625671573695869 -0.3249065585299114
vn 0.5595106433384127 0.7704906767268106 -0.3054373210138161
vn 0.3459369420135391 0.5658899945288332 -0.7483957150080957
vn 0.8734877129194127 0.3625671573695869 -0.3249065585299114
vn 0.3459369420135391 0.5658899945288332 -0.7483957150080957
vn 0.6103639169290812 0.34185141878017244 -0.7145582526211369
vn 0.6732254213746299 0.5514533779443296 -0.49261212324580517
vn 0.9333295497327515 0.11151612939870946 -0.341262515491505
vn 0.6735330452332375 0.20878334693585604 -0.7090576499982943
vn 0.6732254213746299 0.5514533779443296 -0.49261212324580517
vn 0.6735330452332375 0.20878334693585604 -0.7090576499982943
vn 0.5389360201853223 0.6511850372056878 -0.5343276274592519
vn 0.5739989542067777 0.2376809726652555 -0.7836025496400734
vn 0.9333295497327515 0.11151612939870946 -0.341262515491505
vn 0.6732254213746299 0.5514533779443296 -0.49261212324580517
vn 0.37056726252657834 0.5709580325343553 -0.7325891270200889
vn 0.1799104969389062 0.7080141347702921 -0.6828969161276617
vn 0.2533073272558068 0.9312554036342229 -0.2619136711983173
vn 0.37056726252657834 0.5709580325343553 -0.7325891270200889
vn 0.2533073272558068 0.9312554036342229 -0.2619136711983173
vn 0.5595106433384127 0.7704906767268106 -0.3054373210138161
vn 0.5739989542067777 0.2376809726652555 -0.7836025496400734
vn 0.5588999016334332 0.31877405296929406 -0.7655155146093828
vn 0.8734877129194127 0.3625671573695869 -0.3249065585299114
vn 0.5739989542067777 0.2376809726652555 -0.7836025496400734
vn 0.8734877129194127 0.3625671573695869 -0.3249065585299114
vn 0.9333295497327515 0.11151612939870946 -0.341262515491505
vn 0.5588999016334332 0.31877405296929406 -0.7655155146093828
vn 0.37056726252657834 0.5709580325343553 -0.7325891270200889
vn 0.5595106433384127 0.7704906767268106 -0.3054373210138161
vn 0.5588999016334332 0.31877405296929406 -0.7655155146093828
vn 0.5595106433384127 0.7704906767268106 -0.3054373210138161
vn 0.8734877129194127 0.3625671573695869 -0.3249065585299114
vn 0.239913773731427 0.25645535886556786 -0.936307657815036
vn 0.33394528167915327 0.30556208818924685 -0.8916907306379593
vn 0.5588999016334332 0.31877405296929406 -0.7655155146093828
vn 0.239913773731427 0.25645535886556786 -0.936307657815036
vn 0.5588999016334332 0.31877405296929406 -0.7655155146093828
vn 0.5739989542067777 0.2376809726652555 -0.7836025496400734
vn 0.33394528167915327 0.30556208818924685 -0.8916907306379593
vn 0.37056726252657834 0.5709580325343553 -0.7325891270200889
vn 0.5588999016334332 0.31877405296929406 -0.7655155146093828
vn 0.33394528167915327 0.30556208818924685 -0.8916907306379593
vn 0.1799104969389062 0.7080141347702921 -0.6828969161276617
vn 0.37056726252657834 0.5709580325343553 -0.7325891270200889
vn -0.11420300013976765 0.08301233275641264 -0.9899831449925878
vn 0.5739989542067777 0.2376809726652555 -0.7836025496400734
vn 0.6732254213746299 0.5514533779443296 -0.49261212324580517
vn 0.12091706766338084 0.007141492398372241 -0.992636923469006
vn 0.239913773731427 0.25645535886556786 -0.936307657815036
vn 0.5739989542067777 0.2376809726652555 -0.7836025496400734
vn 0.12091706766338084 0.007141492398372241 -0.992636923469006
vn 0.5739989542067777 0.2376809726652555 -0.7836025496400734
vn -0.11420300013976765 0.08301233275641264 -0.9899831449925878
vn -0.5845300461824019 -0.7843989008491562 -0.20746804442283293
vn -0.5384143396378667 -0.7947119783299451 -0.2802550095381434
vn -0.8496339715012715 -0.37496327811397895 0.3708431670356023
vn -0.5845300461824019 -0.7843989008491562 -0.20746804442283293
vn -0.8496339715012715 -0.37496327811397895 0.3708431670356023
vn -0.9043942007617958 0.18134272220602493 0.3862459666214535
vn -0.5745539778272762 -0.5423868438622309 0.612947174043589
vn -0.8158114411515628 -0.4964574424932778 0.2966170937070956
vn -0.32539992952538094 -0.9196165042390817 0.22004629284759156
vn -0.5745539778272762 -0.5423868438622309 0.612947174043589
vn -0.32539992952538094 -0.9196165042390817 0.22004629284759156
vn -0.28001709569826977 -0.637401315015264 0.7178509523107971
f 1147//1147 1148//1148 1149//1149
f 1150//1150 1151//1151 1152//1152
f 1153//1153 1154//1154 1155//1155
f 1156//1156 1157//1157 1158//1158
f 1159//1159 1160//1160 1161//1161
f 1162//1162 1163//1163 1164//1164
f 1165//1165 1166//1166 1167//1167
f 1168//1168 1169//1169 1170//1170
f 1171//1171 1172//1172 1173//1173
f 1174//1174 1175//1175 1176//1176
f 1177//1177 1178//1178 1179//1179
f 1180//1180 1181//1181 1182//1182
f 1183//1183 1184//1184 1185//1185
f 1186//1186 1187//1187 1188//1188
f 1189//1189 1190//1190 1191//1191
f 1192//1192 1193//1193 1194//1194
f 1195//1195 1196//1196 1197//1197
f 1198//1198 1199//1199 1200//1200
f 1201//1201 1202//1202 1203//1203
f 1204//1204 1205//1205 1206//1206
f 1207//1207 1208//1208 1209//1209
f 1210//1210 1211//1211 1212//1212
f 1213//1213 1214//1214 1215//1215
f 1216//1216 1217//1217 1218//1218
f 1219//1219 1220//1220 1221//1221
f 1222//1222 1223//1223 1224//1224
f 1225//1225 1226//1226 1227//1227
f 1228//1228 1229//1229 1230//1230
f 1231//1231 1232//1232 1233//1233
f 1234//1234 1235//1235 1236//1236
f 1237//1237 1238//1238 1239//1239
f 1240//1240 1241//1241 1242//1242
f 1243//1243 1244//1244 1245//1245
f 1246//1246 1247//1247 1248//1248
f 1249//1249 1250//1250 1251//1251
f 1252//1252 1253//1253 1254//1254
f 1255//1255 1256//1256 1257//1257
f 1258//1258 1259//1259 1260//1260
f 1261//1261 1262//1262 1263//1263
f 1264//1264 1265//1265 1266//1266
f 1267//1267 1268//1268 1269//1269
f 1270//1270 1271//1271 1272//1272
f 1273//1273 1274//1274 1275//1275
f 1276//1276 1277//1277 1278//1278
f 1279//1279 1280//1280 1281//1281
f 1282//1282 1283//1283 1284//1284
f 1285//1285 1286//1286 1287//1287
f 1288//1288 1289//1289 1290//1290
f 1291//1291 1292//1292 1293//1293
f 1294//1294 1295//1295 1296//1296
f 1297//1297 1298//1298 1299//1299
f 1300//1300 1301//1301 1302//1302
f 1303//1303 1304//1304 1305//1305
f 1306//1306 1307//1307 1308//1308
f 1309//1309 1310//1310 1311//1311
f 1312//1312 1313//1313 1314//1314
f 1315//1315 1316//1316 1317//1317
f 1318//1318 1319//1319 1320//1320
f 1321//1321 1322//1322 1323//1323
f 1324//1324 1325//1325 1326//1326
f 1327//1327 1328//1328 1329//1329
f 1330//1330 1331//1331 1332//1332
f 1333//1333 1334//1334 1335//1335
f 1336//1336 1337//1337 1338//1338
f 1339//1339 1340//1340 1341//1341
f 1342//1342 1343//1343 1344//1344
f 1345//1345 1346//1346 1347//1347
f 1348//1348 1349//1349 1350//1350
f 1351//1351 1352//1352 1353//1353
f 1354//1354 1355//1355 1356//1356
f 1357//1357 1358//1358 1359//1359
f 1360//1360 1361//1361 1362//1362
f 1363//1363 1364//1364 1365//1365
f 1366//1366 1367//1367 1368//1368
f 1369//1369 1370//1370 1371//1371
f 1372//1372 1373//1373 1374//1374
f 1375//1375 1376//1376 1377//1377
f 1378//1378 1379//1379 1380//1380
f 1381//1381 1382//1382 1383//1383
f 1384//1384 1385//1385 1386//1386
f 1387//1387 1388//1388 1389//1389
f 1390//1390 1391//1391 1392//1392
f 1393//1393 1394//1394 1395//1395
f 1396//1396 1397//1397 1398//1398
f 1399//1399 1400//1400 1401//1401
f 1402//1402 1403//1403 1404//1404
f 1405//1405 1406//1406 1407//1407
f 1408//1408 1409//1409 1410//1410
f 1411//1411 1412//1412 1413//1413
f 1414//1414 1415//1415 1416//1416
f 1417//1417 1418//1418 1419//1419
f 1420//1420 1421//1421 1422//1422
f 1423//1423 1424//1424 1425//1425
f 1426//1426 1427//1427 1428//1428
f 1429//1429 1430//1430 1431//1431
f 1432//1432 1433//1433 1434//1434
f 1435//1435 1436//1436 1437//1437
f 1438//1438 1439//1439 1440//1440
f 1441//1441 1442//1442 1443//1443
f 1444//1444 1445//1445 1446//1446
f 1447//1447 1448//1448 1449//1449
f 1450//1450 1451//1451 1452//1452
f 1453//1453 1454//1454 1455//1455
f 1456//1456 1457//1457 1458//1458
f 1459//1459 1460//1460 1461//1461
f 1462//1462 1463//1463 1464//1464
f 1465//1465 1466//1466 1467//1467
f 1468//1468 1469//1469 1470//1470
f 1471//1471 1472//1472 1473//1473
f 1474//1474 1475//1475 1476//1476
f 1477//1477 1478//1478 1479//1479
f 1480//1480 1481//1481 1482//1482
f 1483//1483 1484//1484 1485//1485
f 1486//1486 1487//1487 1488//1488
f 1489//1489 1490//1490 1491//1491
f 1492//1492 1493//1493 1494//1494
f 1495//1495 1496//1496 1497//1497
f 1498//1498 1499//1499 1500//1500
f 1501//1501 1502//1502 1503//1503
f 1504//1504 1505//1505 1506//1506
f 1507//1507 1508//1508 1509//1509
f 1510//1510 1511//1511 1512//1512
f 1513//1513 1514//1514 1515//1515
f 1516//1516 1517//1517 1518//1518
f 1519//1519 1520//1520 1521//1521
f 1522//1522 1523//1523 1524//1524
f 1525//1525 1526//1526 1527//1527
f 1528//1528 1529//1529 1530//1530
f 1531//1531 1532//1532 1533//1533
f 1534//1534 1535//1535 1536//1536
f 1537//1537 1538//1538 1539//1539
f 1540//1540 1541//1541 1542//1542
f 1543//1543 1544//1544 1545//1545
f 1546//1546 1547//1547 1548//1548
f 1549//1549 1550//1550 1551//1551
f 1552//1552 1553//1553 1554//1554
f 1555//1555 1556//1556 1557//1557
f 1558//1558 1559//1559 1560//1560
f 1561//1561 1562//1562 1563//1563
f 1564//1564 1565//1565 1566//1566
f 1567//1567 1568//1568 1569//1569
f 1570//1570 1571//1571 1572//1572
f 1573//1573 1574//1574 1575//1575
f 1576//1576 1577//1577 1578//1578
f 1579//1579 1580//1580 1581//1581
f 1582//1582 1583//1583 1584//1584
f 1585//1585 1586//1586 1587//1587
f 1588//1588 1589//1589 1590//1590
f 1591//1591 1592//1592 1593//1593
f 1594//1594 1595//1595 1596//1596
f 1597//1597 1598//1598 1599//1599
f 1600//1600 1601//1601 1602//1602
f 1603//1603 1604//1604 1605//1605
f 1606//1606 1607//1607 1608//1608
f 1609//1609 1610//1610 1611//1611
f 1612//1612 1613//1613 1614//1614
f 1615//1615 1616//1616 1617//1617
f 1618//1618 1619//1619 1620//1620
f 1621//1621 1622//1622 1623//1623
f 1624//1624 1625//1625 1626//1626
f 1627//1627 1628//1628 1629//1629
f 1630//1630 1631//1631 1632//1632
f 1633//1633 1634//1634 1635//1635
f 1636//1636 1637//1637 1638//1638
f 1639//1639 1640//1640 1641//1641
f 1642//1642 1643//1643 1644//1644
f 1645//1645 1646//1646 1647//1647
f 1648//1648 1649//1649 1650//1650
f 1651//1651 1652//1652 1653//1653
f 1654//1654 1655//1655 1656//1656
f 1657//1657 1658//1658 1659//1659
f 1660//1660 1661//1661 1662//1662
f 1663//1663 1664//1664 1665//1665
f 1666//1666 1667//1667 1668//1668
f 1669//1669 1670//1670 1671//1671
f 1672//1672 1673//1673 1674//1674
f 1675//1675 1676//1676 1677//1677
f 1678//1678 1679//1679 1680//1680
f 1681//1681 1682//1682 1683//1683
f 1684//1684 1685//1685 1686//1686
f 1687//1687 1688//1688 1689//1689
f 1690//1690 1691//1691 1692//1692
f 1693//1693 1694//1694 1695//1695
f 1696//1696 1697//1697 1698//1698
f 1699//1699 1700//1700 1701//1701
f 1702//1702 1703//1703 1704//1704
f 1705//1705 1706//1706 1707//1707
f 1708//1708 1709//1709 1710//1710
f 1711//1711 1712//1712 1713//1713
f 1714//1714 1715//1715 1716//1716
f 1717//1717 1718//1718 1719//1719
f 1720//1720 1721//1721 1722//1722
f 1723//1723 1724//1724 1725//1725
f 1726//1726 1727//1727 1728//1728
f 1729//1729 1730//1730 1731//1731
f 1732//1732 1733//1733 1734//1734
f 1735//1735 1736//1736 1737//1737
f 1738//1738 1739//1739 1740//1740
f 1741//1741 1742//1742 1743//1743
f 1744//1744 1745//1745 1746//1746
f 1747//1747 1748//1748 1749//1749
f 1750//1750 1751//1751 1752//1752
f 1753//1753 1754//1754 1755//1755
f 1756//1756 1757//1757 1758//1758
f 1759//1759 1760//1760 1761//1761
f 1762//1762 1763//1763 1764//1764
f 1765//1765 1766//1766 1767//1767
f 1768//1768 1769//1769 1770//1770
f 1771//1771 1772//1772 1773//1773
f 1774//1774 1775//1775 1776//1776
f 1777//1777 1778//1778 1779//1779
f 1780//1780 1781//1781 1782//1782
f 1783//1783 1784//1784 1785//1785
f 1786//1786 1787//1787 1788//1788
